nodeid,event,service,time
0,sent,/prefix/seq=1,0.050000000
0,sent,/prefix/seq=2,0.100000000
0,sent,/prefix/seq=3,0.150000000
0,sent,/prefix/seq=4,0.200000000
0,sent,/prefix/seq=5,0.250000000
0,received,/prefix/seq=0,0.295410498
0,sent,/prefix/seq=6,0.300000000
0,sent,/prefix/seq=7,0.350000000
0,received,/prefix/seq=2,0.395257202
0,sent,/prefix/seq=8,0.400000000
0,sent,/prefix/seq=9,0.450000000
0,sent,/prefix/seq=10,0.500000000
0,received,/prefix/seq=4,0.537461080
0,sent,/prefix/seq=11,0.550000000
0,sent,/prefix/seq=12,0.600000000
0,received,/prefix/seq=6,0.636753187
0,received,/prefix/seq=7,0.645361187
0,sent,/prefix/seq=13,0.650000000
0,received,/prefix/seq=1,0.692539619
0,sent,/prefix/seq=14,0.700000000
0,received,/prefix/seq=8,0.737427534
0,sent,/prefix/seq=15,0.750000000
0,sent,/prefix/seq=16,0.800000000
0,received,/prefix/seq=9,0.828469265
0,sent,/prefix/seq=17,0.850000000
0,received,/prefix/seq=10,0.878904784
0,sent,/prefix/seq=18,0.900000000
0,received,/prefix/seq=3,0.903543403
0,received,/prefix/seq=11,0.928732606
0,sent,/prefix/seq=19,0.950000000
0,received,/prefix/seq=12,0.978675173
0,sent,/prefix/seq=20,1.000000000
0,received,/prefix/seq=13,1.028434146
0,sent,/prefix/seq=21,1.050000000
0,received,/prefix/seq=14,1.078781843
0,sent,/prefix/seq=22,1.100000000
0,received,/prefix/seq=5,1.114493822
0,received,/prefix/seq=15,1.129114667
0,sent,/prefix/seq=23,1.150000000
0,received,/prefix/seq=16,1.178732909
0,sent,/prefix/seq=24,1.200000000
0,sent,/prefix/seq=25,1.250000000
0,received,/prefix/seq=17,1.270732855
0,received,/prefix/seq=18,1.279340855
0,sent,/prefix/seq=26,1.300000000
0,received,/prefix/seq=20,1.337052884
0,sent,/prefix/seq=27,1.350000000
0,received,/prefix/seq=19,1.370511264
0,sent,/prefix/seq=28,1.400000000
0,received,/prefix/seq=21,1.428710111
0,sent,/prefix/seq=29,1.450000000
0,sent,/prefix/seq=30,1.500000000
0,received,/prefix/seq=22,1.520179862
0,received,/prefix/seq=23,1.529135047
0,sent,/prefix/seq=31,1.550000000
0,received,/prefix/seq=24,1.578809926
0,sent,/prefix/seq=32,1.600000000
0,sent,/prefix/seq=33,1.650000000
0,received,/prefix/seq=25,1.670288122
0,received,/prefix/seq=26,1.678896122
0,sent,/prefix/seq=34,1.700000000
0,sent,/prefix/seq=35,1.750000000
0,received,/prefix/seq=27,1.770545070
0,received,/prefix/seq=28,1.779153070
0,sent,/prefix/seq=36,1.800000000
0,received,/prefix/seq=29,1.828768665
0,sent,/prefix/seq=37,1.850000000
0,sent,/prefix/seq=38,1.900000000
0,received,/prefix/seq=30,1.920138654
0,received,/prefix/seq=31,1.928746654
0,sent,/prefix/seq=39,1.950000000
0,received,/prefix/seq=32,1.979036728
0,sent,/prefix/seq=40,2.000000000
0,sent,/prefix/seq=41,2.050000000
0,received,/prefix/seq=33,2.070322523
0,received,/prefix/seq=35,2.087291142
0,sent,/prefix/seq=42,2.100000000
0,received,/prefix/seq=34,2.120283942
0,sent,/prefix/seq=43,2.150000000
0,received,/prefix/seq=36,2.178655901
0,sent,/prefix/seq=44,2.200000000
0,received,/prefix/seq=37,2.228630463
0,sent,/prefix/seq=45,2.250000000
0,sent,/prefix/seq=46,2.300000000
0,received,/prefix/seq=38,2.320091752
0,received,/prefix/seq=39,2.328699752
0,sent,/prefix/seq=47,2.350000000
0,received,/prefix/seq=40,2.378693062
0,sent,/prefix/seq=48,2.400000000
0,received,/prefix/seq=41,2.428923203
0,sent,/prefix/seq=49,2.450000000
0,received,/prefix/seq=43,2.487294901
0,sent,/prefix/seq=50,2.500000000
0,received,/prefix/seq=42,2.520536041
0,sent,/prefix/seq=51,2.550000000
0,received,/prefix/seq=44,2.578950682
0,sent,/prefix/seq=52,2.600000000
0,received,/prefix/seq=45,2.628444551
0,sent,/prefix/seq=53,2.650000000
0,received,/prefix/seq=47,2.686810258
0,sent,/prefix/seq=54,2.700000000
0,received,/prefix/seq=46,2.720536235
0,sent,/prefix/seq=55,2.750000000
0,received,/prefix/seq=48,2.779104072
0,sent,/prefix/seq=56,2.800000000
0,received,/prefix/seq=49,2.828683088
0,sent,/prefix/seq=57,2.850000000
0,received,/prefix/seq=51,2.886950290
0,sent,/prefix/seq=58,2.900000000
0,received,/prefix/seq=50,2.920581522
0,sent,/prefix/seq=59,2.950000000
0,received,/prefix/seq=52,2.978986533
0,sent,/prefix/seq=60,3.000000000
0,received,/prefix/seq=53,3.029021384
0,sent,/prefix/seq=61,3.050000000
0,received,/prefix/seq=55,3.086923125
0,sent,/prefix/seq=62,3.100000000
0,received,/prefix/seq=54,3.120212004
0,sent,/prefix/seq=63,3.150000000
0,received,/prefix/seq=56,3.178436172
0,sent,/prefix/seq=64,3.200000000
0,received,/prefix/seq=57,3.228790176
0,sent,/prefix/seq=65,3.250000000
0,received,/prefix/seq=59,3.287282214
0,sent,/prefix/seq=66,3.300000000
0,received,/prefix/seq=58,3.320728195
0,sent,/prefix/seq=67,3.350000000
0,received,/prefix/seq=60,3.379152174
0,sent,/prefix/seq=68,3.400000000
0,received,/prefix/seq=61,3.429126850
0,sent,/prefix/seq=69,3.450000000
0,received,/prefix/seq=63,3.487315569
0,sent,/prefix/seq=70,3.500000000
0,received,/prefix/seq=62,3.520665421
0,sent,/prefix/seq=71,3.550000000
0,received,/prefix/seq=64,3.578576040
0,sent,/prefix/seq=72,3.600000000
0,received,/prefix/seq=65,3.628409363
0,sent,/prefix/seq=73,3.650000000
0,received,/prefix/seq=67,3.687158607
0,sent,/prefix/seq=74,3.700000000
0,received,/prefix/seq=66,3.720400044
0,sent,/prefix/seq=75,3.750000000
0,received,/prefix/seq=68,3.778633160
0,sent,/prefix/seq=76,3.800000000
0,received,/prefix/seq=69,3.828751796
0,sent,/prefix/seq=77,3.850000000
0,received,/prefix/seq=71,3.887252888
0,sent,/prefix/seq=78,3.900000000
0,received,/prefix/seq=70,3.920628709
0,sent,/prefix/seq=79,3.950000000
0,received,/prefix/seq=72,3.978468332
0,sent,/prefix/seq=80,4.000000000
0,received,/prefix/seq=73,4.028624750
0,sent,/prefix/seq=81,4.050000000
0,received,/prefix/seq=75,4.087345681
0,sent,/prefix/seq=82,4.100000000
0,received,/prefix/seq=74,4.120341123
0,sent,/prefix/seq=83,4.150000000
0,received,/prefix/seq=76,4.178662634
0,sent,/prefix/seq=84,4.200000000
0,received,/prefix/seq=77,4.229137358
0,sent,/prefix/seq=85,4.250000000
0,received,/prefix/seq=79,4.286893372
0,sent,/prefix/seq=86,4.300000000
0,received,/prefix/seq=78,4.320749272
0,sent,/prefix/seq=87,4.350000000
0,received,/prefix/seq=80,4.378613780
0,sent,/prefix/seq=88,4.400000000
0,received,/prefix/seq=81,4.428790794
0,sent,/prefix/seq=89,4.450000000
0,received,/prefix/seq=83,4.487526980
0,sent,/prefix/seq=90,4.500000000
0,received,/prefix/seq=82,4.520436995
0,sent,/prefix/seq=91,4.550000000
0,received,/prefix/seq=84,4.578605511
0,sent,/prefix/seq=92,4.600000000
0,received,/prefix/seq=85,4.628908999
0,sent,/prefix/seq=93,4.650000000
0,received,/prefix/seq=87,4.686968350
0,sent,/prefix/seq=94,4.700000000
0,received,/prefix/seq=86,4.720243438
0,sent,/prefix/seq=95,4.750000000
0,received,/prefix/seq=88,4.778492508
0,sent,/prefix/seq=96,4.800000000
0,received,/prefix/seq=89,4.828431634
0,sent,/prefix/seq=97,4.850000000
0,received,/prefix/seq=91,4.886771349
0,sent,/prefix/seq=98,4.900000000
0,received,/prefix/seq=90,4.920843898
0,sent,/prefix/seq=99,4.950000000
0,received,/prefix/seq=92,4.979151817
0,sent,/prefix/seq=100,5.000000000
0,received,/prefix/seq=93,5.028969319
0,sent,/prefix/seq=101,5.050000000
0,received,/prefix/seq=95,5.086854523
0,sent,/prefix/seq=102,5.100000000
0,received,/prefix/seq=94,5.120680251
0,sent,/prefix/seq=103,5.150000000
0,received,/prefix/seq=96,5.178972015
0,sent,/prefix/seq=104,5.200000000
0,received,/prefix/seq=97,5.228540295
0,sent,/prefix/seq=105,5.250000000
0,received,/prefix/seq=99,5.287531841
0,sent,/prefix/seq=106,5.300000000
0,received,/prefix/seq=98,5.320606464
0,sent,/prefix/seq=107,5.350000000
0,received,/prefix/seq=100,5.378885425
0,sent,/prefix/seq=108,5.400000000
0,received,/prefix/seq=101,5.428695173
0,sent,/prefix/seq=109,5.450000000
0,received,/prefix/seq=103,5.487280424
0,sent,/prefix/seq=110,5.500000000
0,received,/prefix/seq=102,5.520578063
0,sent,/prefix/seq=111,5.550000000
0,received,/prefix/seq=104,5.578913256
0,sent,/prefix/seq=112,5.600000000
0,received,/prefix/seq=105,5.629179186
0,sent,/prefix/seq=113,5.650000000
0,received,/prefix/seq=107,5.687502556
0,sent,/prefix/seq=114,5.700000000
0,received,/prefix/seq=106,5.720419438
0,sent,/prefix/seq=115,5.750000000
0,received,/prefix/seq=108,5.779109878
0,sent,/prefix/seq=116,5.800000000
0,received,/prefix/seq=109,5.828628711
0,sent,/prefix/seq=117,5.850000000
0,received,/prefix/seq=111,5.886850324
0,sent,/prefix/seq=118,5.900000000
0,received,/prefix/seq=110,5.920189262
0,sent,/prefix/seq=119,5.950000000
0,received,/prefix/seq=112,5.979012838
0,sent,/prefix/seq=120,6.000000000
0,received,/prefix/seq=113,6.028886257
0,sent,/prefix/seq=121,6.050000000
0,received,/prefix/seq=115,6.086745016
0,sent,/prefix/seq=122,6.100000000
0,received,/prefix/seq=114,6.120170638
0,sent,/prefix/seq=123,6.150000000
0,received,/prefix/seq=116,6.178588589
0,sent,/prefix/seq=124,6.200000000
0,received,/prefix/seq=117,6.228674076
0,sent,/prefix/seq=125,6.250000000
0,received,/prefix/seq=119,6.287007764
0,sent,/prefix/seq=126,6.300000000
0,received,/prefix/seq=118,6.320306699
0,sent,/prefix/seq=127,6.350000000
0,received,/prefix/seq=120,6.378699043
0,sent,/prefix/seq=128,6.400000000
0,received,/prefix/seq=121,6.428610597
0,sent,/prefix/seq=129,6.450000000
0,received,/prefix/seq=123,6.486977526
0,sent,/prefix/seq=130,6.500000000
0,received,/prefix/seq=122,6.520372446
0,sent,/prefix/seq=131,6.550000000
0,received,/prefix/seq=124,6.579173249
0,sent,/prefix/seq=132,6.600000000
0,received,/prefix/seq=125,6.628512697
0,sent,/prefix/seq=133,6.650000000
0,received,/prefix/seq=127,6.687271931
0,sent,/prefix/seq=134,6.700000000
0,received,/prefix/seq=126,6.720425382
0,sent,/prefix/seq=135,6.750000000
0,received,/prefix/seq=128,6.778646326
0,sent,/prefix/seq=136,6.800000000
0,received,/prefix/seq=129,6.828491846
0,sent,/prefix/seq=137,6.850000000
0,received,/prefix/seq=131,6.887458417
0,sent,/prefix/seq=138,6.900000000
0,received,/prefix/seq=130,6.920597106
0,sent,/prefix/seq=139,6.950000000
0,received,/prefix/seq=132,6.978780352
0,sent,/prefix/seq=140,7.000000000
0,received,/prefix/seq=133,7.028635169
0,sent,/prefix/seq=141,7.050000000
0,received,/prefix/seq=135,7.086820275
0,sent,/prefix/seq=142,7.100000000
0,received,/prefix/seq=134,7.120532174
0,sent,/prefix/seq=143,7.150000000
0,received,/prefix/seq=136,7.178607688
0,sent,/prefix/seq=144,7.200000000
0,received,/prefix/seq=137,7.228411613
0,sent,/prefix/seq=145,7.250000000
0,received,/prefix/seq=139,7.286844232
0,sent,/prefix/seq=146,7.300000000
0,received,/prefix/seq=138,7.320116164
0,sent,/prefix/seq=147,7.350000000
0,received,/prefix/seq=140,7.378633657
0,sent,/prefix/seq=148,7.400000000
0,received,/prefix/seq=141,7.428565426
0,sent,/prefix/seq=149,7.450000000
0,received,/prefix/seq=143,7.486773161
0,sent,/prefix/seq=150,7.500000000
0,received,/prefix/seq=142,7.520287890
0,sent,/prefix/seq=151,7.550000000
0,received,/prefix/seq=144,7.579045016
0,sent,/prefix/seq=152,7.600000000
0,received,/prefix/seq=145,7.628718528
0,sent,/prefix/seq=153,7.650000000
0,received,/prefix/seq=147,7.686760272
0,sent,/prefix/seq=154,7.700000000
0,received,/prefix/seq=146,7.720111510
0,sent,/prefix/seq=155,7.750000000
0,received,/prefix/seq=148,7.778985937
0,sent,/prefix/seq=156,7.800000000
0,received,/prefix/seq=149,7.828678210
0,sent,/prefix/seq=157,7.850000000
0,received,/prefix/seq=151,7.886811646
0,sent,/prefix/seq=158,7.900000000
0,received,/prefix/seq=150,7.920361369
0,sent,/prefix/seq=159,7.950000000
0,received,/prefix/seq=152,7.978882141
0,sent,/prefix/seq=160,8.000000000
0,received,/prefix/seq=153,8.028993815
0,sent,/prefix/seq=161,8.050000000
0,received,/prefix/seq=155,8.087182057
0,sent,/prefix/seq=162,8.100000000
0,received,/prefix/seq=154,8.120382505
0,sent,/prefix/seq=163,8.150000000
0,received,/prefix/seq=156,8.179099846
0,sent,/prefix/seq=164,8.200000000
0,received,/prefix/seq=157,8.229067888
0,sent,/prefix/seq=165,8.250000000
0,received,/prefix/seq=159,8.286872838
0,sent,/prefix/seq=166,8.300000000
0,received,/prefix/seq=158,8.320247321
0,sent,/prefix/seq=167,8.350000000
0,received,/prefix/seq=160,8.379153067
0,sent,/prefix/seq=168,8.400000000
0,received,/prefix/seq=161,8.429104427
0,sent,/prefix/seq=169,8.450000000
0,received,/prefix/seq=163,8.487060086
0,sent,/prefix/seq=170,8.500000000
0,received,/prefix/seq=162,8.520124588
0,sent,/prefix/seq=171,8.550000000
0,received,/prefix/seq=164,8.578532929
0,sent,/prefix/seq=172,8.600000000
0,received,/prefix/seq=165,8.628916762
0,sent,/prefix/seq=173,8.650000000
0,received,/prefix/seq=167,8.687067284
0,sent,/prefix/seq=174,8.700000000
0,received,/prefix/seq=166,8.720473694
0,sent,/prefix/seq=175,8.750000000
0,received,/prefix/seq=168,8.778921708
0,sent,/prefix/seq=176,8.800000000
0,received,/prefix/seq=169,8.828849858
0,sent,/prefix/seq=177,8.850000000
0,received,/prefix/seq=171,8.887482031
0,sent,/prefix/seq=178,8.900000000
0,received,/prefix/seq=170,8.920504850
0,sent,/prefix/seq=179,8.950000000
0,received,/prefix/seq=172,8.979008617
0,sent,/prefix/seq=180,9.000000000
0,received,/prefix/seq=173,9.029052740
0,sent,/prefix/seq=181,9.050000000
0,received,/prefix/seq=175,9.087180300
0,sent,/prefix/seq=182,9.100000000
0,received,/prefix/seq=174,9.120848526
0,sent,/prefix/seq=183,9.150000000
0,received,/prefix/seq=176,9.178564601
0,sent,/prefix/seq=184,9.200000000
0,received,/prefix/seq=177,9.228420036
0,sent,/prefix/seq=185,9.250000000
0,received,/prefix/seq=179,9.287477204
0,sent,/prefix/seq=186,9.300000000
0,received,/prefix/seq=178,9.320533906
0,sent,/prefix/seq=187,9.350000000
0,received,/prefix/seq=180,9.378691579
0,sent,/prefix/seq=188,9.400000000
0,received,/prefix/seq=181,9.429155275
0,sent,/prefix/seq=189,9.450000000
0,received,/prefix/seq=183,9.487500387
0,sent,/prefix/seq=190,9.500000000
0,received,/prefix/seq=182,9.520082184
0,sent,/prefix/seq=191,9.550000000
0,received,/prefix/seq=184,9.578942423
0,sent,/prefix/seq=192,9.600000000
0,received,/prefix/seq=185,9.628724689
0,sent,/prefix/seq=193,9.650000000
0,received,/prefix/seq=187,9.687168935
0,sent,/prefix/seq=194,9.700000000
0,received,/prefix/seq=186,9.720475777
0,sent,/prefix/seq=195,9.750000000
0,received,/prefix/seq=188,9.778585910
0,sent,/prefix/seq=196,9.800000000
0,received,/prefix/seq=189,9.828983098
0,sent,/prefix/seq=197,9.850000000
0,received,/prefix/seq=191,9.886865644
0,sent,/prefix/seq=198,9.900000000
0,received,/prefix/seq=190,9.920635107
0,sent,/prefix/seq=199,9.950000000
0,received,/prefix/seq=192,9.978880859
0,sent,/prefix/seq=200,10.000000000
0,received,/prefix/seq=193,10.029019695
0,sent,/prefix/seq=201,10.050000000
0,received,/prefix/seq=195,10.087340455
0,sent,/prefix/seq=202,10.100000000
0,received,/prefix/seq=194,10.120519063
0,sent,/prefix/seq=203,10.150000000
0,received,/prefix/seq=196,10.178729791
0,sent,/prefix/seq=204,10.200000000
0,received,/prefix/seq=197,10.228452757
0,sent,/prefix/seq=205,10.250000000
0,received,/prefix/seq=199,10.286778166
0,sent,/prefix/seq=206,10.300000000
0,received,/prefix/seq=198,10.320201072
0,sent,/prefix/seq=207,10.350000000
0,received,/prefix/seq=200,10.378895948
0,sent,/prefix/seq=208,10.400000000
0,received,/prefix/seq=201,10.428965922
0,sent,/prefix/seq=209,10.450000000
0,received,/prefix/seq=203,10.487031232
0,sent,/prefix/seq=210,10.500000000
0,received,/prefix/seq=202,10.520853531
0,sent,/prefix/seq=211,10.550000000
0,received,/prefix/seq=204,10.578811996
0,sent,/prefix/seq=212,10.600000000
0,received,/prefix/seq=205,10.629162057
0,sent,/prefix/seq=213,10.650000000
0,received,/prefix/seq=207,10.687303263
0,sent,/prefix/seq=214,10.700000000
0,received,/prefix/seq=206,10.720804866
0,sent,/prefix/seq=215,10.750000000
0,received,/prefix/seq=208,10.779175426
0,sent,/prefix/seq=216,10.800000000
0,received,/prefix/seq=209,10.828798772
0,sent,/prefix/seq=217,10.850000000
0,received,/prefix/seq=211,10.886993672
0,sent,/prefix/seq=218,10.900000000
0,received,/prefix/seq=210,10.920573801
0,sent,/prefix/seq=219,10.950000000
0,received,/prefix/seq=212,10.978747380
0,sent,/prefix/seq=220,11.000000000
0,received,/prefix/seq=213,11.028915985
0,sent,/prefix/seq=221,11.050000000
0,received,/prefix/seq=215,11.086816470
0,sent,/prefix/seq=222,11.100000000
0,received,/prefix/seq=214,11.120287392
0,sent,/prefix/seq=223,11.150000000
0,received,/prefix/seq=216,11.178434007
0,sent,/prefix/seq=224,11.200000000
0,received,/prefix/seq=217,11.229023169
0,sent,/prefix/seq=225,11.250000000
0,received,/prefix/seq=219,11.286946583
0,sent,/prefix/seq=226,11.300000000
0,received,/prefix/seq=218,11.320578738
0,sent,/prefix/seq=227,11.350000000
0,received,/prefix/seq=220,11.378799601
0,sent,/prefix/seq=228,11.400000000
0,received,/prefix/seq=221,11.428673845
0,sent,/prefix/seq=229,11.450000000
0,received,/prefix/seq=223,11.486807126
0,sent,/prefix/seq=230,11.500000000
0,received,/prefix/seq=222,11.520405560
0,sent,/prefix/seq=231,11.550000000
0,received,/prefix/seq=224,11.578486873
0,sent,/prefix/seq=232,11.600000000
0,received,/prefix/seq=225,11.629184623
0,sent,/prefix/seq=233,11.650000000
0,received,/prefix/seq=227,11.687143331
0,sent,/prefix/seq=234,11.700000000
0,received,/prefix/seq=226,11.720740914
0,sent,/prefix/seq=235,11.750000000
0,received,/prefix/seq=228,11.778430714
0,sent,/prefix/seq=236,11.800000000
0,received,/prefix/seq=229,11.829201986
0,sent,/prefix/seq=237,11.850000000
0,received,/prefix/seq=231,11.887253329
0,sent,/prefix/seq=238,11.900000000
0,received,/prefix/seq=230,11.920514830
0,sent,/prefix/seq=239,11.950000000
0,received,/prefix/seq=232,11.978961242
0,sent,/prefix/seq=240,12.000000000
0,received,/prefix/seq=233,12.028828360
0,sent,/prefix/seq=241,12.050000000
0,received,/prefix/seq=235,12.086899904
0,sent,/prefix/seq=242,12.100000000
0,received,/prefix/seq=234,12.120077894
0,sent,/prefix/seq=243,12.150000000
0,received,/prefix/seq=236,12.178783750
0,sent,/prefix/seq=244,12.200000000
0,received,/prefix/seq=237,12.229142760
0,sent,/prefix/seq=245,12.250000000
0,received,/prefix/seq=239,12.287085843
0,sent,/prefix/seq=246,12.300000000
0,received,/prefix/seq=238,12.320796501
0,sent,/prefix/seq=247,12.350000000
0,received,/prefix/seq=240,12.378734865
0,sent,/prefix/seq=248,12.400000000
0,received,/prefix/seq=241,12.428830302
0,sent,/prefix/seq=249,12.450000000
0,received,/prefix/seq=243,12.487408911
0,sent,/prefix/seq=250,12.500000000
0,received,/prefix/seq=242,12.520672849
0,sent,/prefix/seq=251,12.550000000
0,received,/prefix/seq=244,12.578539620
0,sent,/prefix/seq=252,12.600000000
0,received,/prefix/seq=245,12.628420241
0,sent,/prefix/seq=253,12.650000000
0,received,/prefix/seq=247,12.686900293
0,sent,/prefix/seq=254,12.700000000
0,received,/prefix/seq=246,12.720818714
0,sent,/prefix/seq=255,12.750000000
0,received,/prefix/seq=248,12.779036744
0,sent,/prefix/seq=256,12.800000000
0,received,/prefix/seq=249,12.828857453
0,sent,/prefix/seq=257,12.850000000
0,received,/prefix/seq=251,12.886963011
0,sent,/prefix/seq=258,12.900000000
0,received,/prefix/seq=250,12.920440210
0,sent,/prefix/seq=259,12.950000000
0,received,/prefix/seq=252,12.979124631
0,sent,/prefix/seq=260,13.000000000
0,received,/prefix/seq=253,13.029105770
0,sent,/prefix/seq=261,13.050000000
0,received,/prefix/seq=255,13.087538171
0,sent,/prefix/seq=262,13.100000000
0,received,/prefix/seq=254,13.120363471
0,sent,/prefix/seq=263,13.150000000
0,received,/prefix/seq=256,13.179131727
0,sent,/prefix/seq=264,13.200000000
0,received,/prefix/seq=257,13.228612385
0,sent,/prefix/seq=265,13.250000000
0,received,/prefix/seq=259,13.287489107
0,sent,/prefix/seq=266,13.300000000
0,received,/prefix/seq=258,13.320522835
0,sent,/prefix/seq=267,13.350000000
0,received,/prefix/seq=260,13.378607704
0,sent,/prefix/seq=268,13.400000000
0,received,/prefix/seq=261,13.428497665
0,sent,/prefix/seq=269,13.450000000
0,received,/prefix/seq=263,13.487495613
0,sent,/prefix/seq=270,13.500000000
0,received,/prefix/seq=262,13.520535769
0,sent,/prefix/seq=271,13.550000000
0,received,/prefix/seq=264,13.578919358
0,sent,/prefix/seq=272,13.600000000
0,received,/prefix/seq=265,13.628873663
0,sent,/prefix/seq=273,13.650000000
0,received,/prefix/seq=267,13.686829776
0,sent,/prefix/seq=274,13.700000000
0,received,/prefix/seq=266,13.720188850
0,sent,/prefix/seq=275,13.750000000
0,received,/prefix/seq=268,13.778809757
0,sent,/prefix/seq=276,13.800000000
0,received,/prefix/seq=269,13.829245351
0,sent,/prefix/seq=277,13.850000000
0,received,/prefix/seq=271,13.887471288
0,sent,/prefix/seq=278,13.900000000
0,received,/prefix/seq=270,13.920508952
0,sent,/prefix/seq=279,13.950000000
0,received,/prefix/seq=272,13.978868985
0,sent,/prefix/seq=280,14.000000000
0,received,/prefix/seq=273,14.028641801
0,sent,/prefix/seq=281,14.050000000
0,received,/prefix/seq=275,14.087335272
0,sent,/prefix/seq=282,14.100000000
0,received,/prefix/seq=274,14.120673533
0,sent,/prefix/seq=283,14.150000000
0,received,/prefix/seq=276,14.178655376
0,sent,/prefix/seq=284,14.200000000
0,received,/prefix/seq=277,14.228952247
0,sent,/prefix/seq=285,14.250000000
0,received,/prefix/seq=279,14.286818786
0,sent,/prefix/seq=286,14.300000000
0,received,/prefix/seq=278,14.320828898
0,sent,/prefix/seq=287,14.350000000
0,received,/prefix/seq=280,14.378603033
0,sent,/prefix/seq=288,14.400000000
0,received,/prefix/seq=281,14.428729108
0,sent,/prefix/seq=289,14.450000000
0,received,/prefix/seq=283,14.486854331
0,sent,/prefix/seq=290,14.500000000
0,received,/prefix/seq=282,14.520375131
0,sent,/prefix/seq=291,14.550000000
0,received,/prefix/seq=284,14.578628211
0,sent,/prefix/seq=292,14.600000000
0,received,/prefix/seq=285,14.628998602
0,sent,/prefix/seq=293,14.650000000
0,received,/prefix/seq=287,14.686838604
0,sent,/prefix/seq=294,14.700000000
0,received,/prefix/seq=286,14.720185835
0,sent,/prefix/seq=295,14.750000000
0,received,/prefix/seq=288,14.779156320
0,sent,/prefix/seq=296,14.800000000
0,received,/prefix/seq=289,14.828920670
0,sent,/prefix/seq=297,14.850000000
0,received,/prefix/seq=291,14.886842691
0,sent,/prefix/seq=298,14.900000000
0,received,/prefix/seq=290,14.920873045
0,sent,/prefix/seq=299,14.950000000
0,received,/prefix/seq=292,14.978963668
0,sent,/prefix/seq=300,15.000000000
0,received,/prefix/seq=293,15.028820814
0,sent,/prefix/seq=301,15.050000000
0,received,/prefix/seq=295,15.086961693
0,sent,/prefix/seq=302,15.100000000
0,received,/prefix/seq=294,15.120883637
0,sent,/prefix/seq=303,15.150000000
0,received,/prefix/seq=296,15.179239810
0,sent,/prefix/seq=304,15.200000000
0,received,/prefix/seq=297,15.228484487
0,sent,/prefix/seq=305,15.250000000
0,received,/prefix/seq=299,15.287128233
0,sent,/prefix/seq=306,15.300000000
0,received,/prefix/seq=298,15.320336802
0,sent,/prefix/seq=307,15.350000000
0,received,/prefix/seq=300,15.378475170
0,sent,/prefix/seq=308,15.400000000
0,received,/prefix/seq=301,15.429057754
0,sent,/prefix/seq=309,15.450000000
0,received,/prefix/seq=303,15.487222823
0,sent,/prefix/seq=310,15.500000000
0,received,/prefix/seq=302,15.520344855
0,sent,/prefix/seq=311,15.550000000
0,received,/prefix/seq=304,15.579244888
0,sent,/prefix/seq=312,15.600000000
0,received,/prefix/seq=305,15.629230388
0,sent,/prefix/seq=313,15.650000000
0,received,/prefix/seq=307,15.686978931
0,sent,/prefix/seq=314,15.700000000
0,received,/prefix/seq=306,15.720303428
0,sent,/prefix/seq=315,15.750000000
0,received,/prefix/seq=308,15.778927968
0,sent,/prefix/seq=316,15.800000000
0,received,/prefix/seq=309,15.828544326
0,sent,/prefix/seq=317,15.850000000
0,received,/prefix/seq=311,15.887409668
0,sent,/prefix/seq=318,15.900000000
0,received,/prefix/seq=310,15.920343051
0,sent,/prefix/seq=319,15.950000000
0,received,/prefix/seq=312,15.978818767
0,sent,/prefix/seq=320,16.000000000
0,received,/prefix/seq=313,16.028930182
0,sent,/prefix/seq=321,16.050000000
0,received,/prefix/seq=315,16.087325645
0,sent,/prefix/seq=322,16.100000000
0,received,/prefix/seq=314,16.120809332
0,sent,/prefix/seq=323,16.150000000
0,received,/prefix/seq=316,16.178674117
0,sent,/prefix/seq=324,16.200000000
0,received,/prefix/seq=317,16.229207167
0,sent,/prefix/seq=325,16.250000000
0,received,/prefix/seq=319,16.286909103
0,sent,/prefix/seq=326,16.300000000
0,received,/prefix/seq=318,16.320709583
0,sent,/prefix/seq=327,16.350000000
0,received,/prefix/seq=320,16.378873170
0,sent,/prefix/seq=328,16.400000000
0,received,/prefix/seq=321,16.428994627
0,sent,/prefix/seq=329,16.450000000
0,received,/prefix/seq=323,16.486915504
0,sent,/prefix/seq=330,16.500000000
0,received,/prefix/seq=322,16.520297127
0,sent,/prefix/seq=331,16.550000000
0,received,/prefix/seq=324,16.578560774
0,sent,/prefix/seq=332,16.600000000
0,received,/prefix/seq=325,16.628592763
0,sent,/prefix/seq=333,16.650000000
0,received,/prefix/seq=327,16.686879251
0,sent,/prefix/seq=334,16.700000000
0,received,/prefix/seq=326,16.720422531
0,sent,/prefix/seq=335,16.750000000
0,received,/prefix/seq=328,16.778622583
0,sent,/prefix/seq=336,16.800000000
0,received,/prefix/seq=329,16.828971332
0,sent,/prefix/seq=337,16.850000000
0,received,/prefix/seq=331,16.886976420
0,sent,/prefix/seq=338,16.900000000
0,received,/prefix/seq=330,16.920552818
0,sent,/prefix/seq=339,16.950000000
0,received,/prefix/seq=332,16.978774420
0,sent,/prefix/seq=340,17.000000000
0,received,/prefix/seq=333,17.029109672
0,sent,/prefix/seq=341,17.050000000
0,received,/prefix/seq=335,17.087097975
0,sent,/prefix/seq=342,17.100000000
0,received,/prefix/seq=334,17.120744576
0,sent,/prefix/seq=343,17.150000000
0,received,/prefix/seq=336,17.179085394
0,sent,/prefix/seq=344,17.200000000
0,received,/prefix/seq=337,17.228460004
0,sent,/prefix/seq=345,17.250000000
0,received,/prefix/seq=339,17.287092028
0,sent,/prefix/seq=346,17.300000000
0,received,/prefix/seq=338,17.320622239
0,sent,/prefix/seq=347,17.350000000
0,received,/prefix/seq=340,17.378549663
0,sent,/prefix/seq=348,17.400000000
0,received,/prefix/seq=341,17.429177290
0,sent,/prefix/seq=349,17.450000000
0,received,/prefix/seq=343,17.487247097
0,sent,/prefix/seq=350,17.500000000
0,received,/prefix/seq=342,17.520247030
0,sent,/prefix/seq=351,17.550000000
0,received,/prefix/seq=344,17.578852805
0,sent,/prefix/seq=352,17.600000000
0,received,/prefix/seq=345,17.628468362
0,sent,/prefix/seq=353,17.650000000
0,received,/prefix/seq=347,17.687405589
0,sent,/prefix/seq=354,17.700000000
0,received,/prefix/seq=346,17.720318075
0,sent,/prefix/seq=355,17.750000000
0,received,/prefix/seq=348,17.779220862
0,sent,/prefix/seq=356,17.800000000
0,received,/prefix/seq=349,17.829239658
0,sent,/prefix/seq=357,17.850000000
0,received,/prefix/seq=351,17.887172699
0,sent,/prefix/seq=358,17.900000000
0,received,/prefix/seq=350,17.920860025
0,sent,/prefix/seq=359,17.950000000
0,received,/prefix/seq=352,17.978979618
0,sent,/prefix/seq=360,18.000000000
0,received,/prefix/seq=353,18.028569152
0,sent,/prefix/seq=361,18.050000000
0,received,/prefix/seq=355,18.087419059
0,sent,/prefix/seq=362,18.100000000
0,received,/prefix/seq=354,18.120633536
0,sent,/prefix/seq=363,18.150000000
0,received,/prefix/seq=356,18.178707249
0,sent,/prefix/seq=364,18.200000000
0,received,/prefix/seq=357,18.228468067
0,sent,/prefix/seq=365,18.250000000
0,received,/prefix/seq=359,18.287208499
0,sent,/prefix/seq=366,18.300000000
0,received,/prefix/seq=358,18.320843644
0,sent,/prefix/seq=367,18.350000000
0,received,/prefix/seq=360,18.378984733
0,sent,/prefix/seq=368,18.400000000
0,received,/prefix/seq=361,18.428808461
0,sent,/prefix/seq=369,18.450000000
0,received,/prefix/seq=363,18.486837819
0,sent,/prefix/seq=370,18.500000000
0,received,/prefix/seq=362,18.520730252
0,sent,/prefix/seq=371,18.550000000
0,received,/prefix/seq=364,18.578663467
0,sent,/prefix/seq=372,18.600000000
0,received,/prefix/seq=365,18.628886829
0,sent,/prefix/seq=373,18.650000000
0,received,/prefix/seq=367,18.686827527
0,sent,/prefix/seq=374,18.700000000
0,received,/prefix/seq=366,18.720481127
0,sent,/prefix/seq=375,18.750000000
0,received,/prefix/seq=368,18.778892166
0,sent,/prefix/seq=376,18.800000000
0,received,/prefix/seq=369,18.828515367
0,sent,/prefix/seq=377,18.850000000
0,received,/prefix/seq=371,18.887320496
0,sent,/prefix/seq=378,18.900000000
0,received,/prefix/seq=370,18.920464889
0,sent,/prefix/seq=379,18.950000000
0,received,/prefix/seq=372,18.979237990
0,sent,/prefix/seq=380,19.000000000
0,received,/prefix/seq=373,19.028923919
0,sent,/prefix/seq=381,19.050000000
0,received,/prefix/seq=375,19.087169461
0,sent,/prefix/seq=382,19.100000000
0,received,/prefix/seq=374,19.120312926
0,sent,/prefix/seq=383,19.150000000
0,received,/prefix/seq=376,19.178937614
0,sent,/prefix/seq=384,19.200000000
0,received,/prefix/seq=377,19.228843000
0,sent,/prefix/seq=385,19.250000000
0,received,/prefix/seq=379,19.287237142
0,sent,/prefix/seq=386,19.300000000
0,received,/prefix/seq=378,19.320320383
0,sent,/prefix/seq=387,19.350000000
0,received,/prefix/seq=380,19.378827991
0,sent,/prefix/seq=388,19.400000000
0,received,/prefix/seq=381,19.428592408
0,sent,/prefix/seq=389,19.450000000
0,received,/prefix/seq=383,19.486886276
0,sent,/prefix/seq=390,19.500000000
0,received,/prefix/seq=382,19.520155174
0,sent,/prefix/seq=391,19.550000000
0,received,/prefix/seq=384,19.578706894
0,sent,/prefix/seq=392,19.600000000
0,received,/prefix/seq=385,19.629000711
0,sent,/prefix/seq=393,19.650000000
0,received,/prefix/seq=387,19.687292809
0,sent,/prefix/seq=394,19.700000000
0,received,/prefix/seq=386,19.720850669
0,sent,/prefix/seq=395,19.750000000
0,received,/prefix/seq=388,19.779014111
0,sent,/prefix/seq=396,19.800000000
0,received,/prefix/seq=389,19.829106312
0,sent,/prefix/seq=397,19.850000000
0,received,/prefix/seq=391,19.887077510
0,sent,/prefix/seq=398,19.900000000
0,received,/prefix/seq=390,19.920246641
0,sent,/prefix/seq=399,19.950000000
0,received,/prefix/seq=392,19.978660107
0,sent,/prefix/seq=400,20.000000000
0,received,/prefix/seq=393,20.029188893
0,sent,/prefix/seq=401,20.050000000
0,received,/prefix/seq=395,20.087202240
0,sent,/prefix/seq=402,20.100000000
0,received,/prefix/seq=394,20.120460663
0,sent,/prefix/seq=403,20.150000000
0,received,/prefix/seq=396,20.178821055
0,sent,/prefix/seq=404,20.200000000
0,received,/prefix/seq=397,20.229153790
0,sent,/prefix/seq=405,20.250000000
0,received,/prefix/seq=399,20.286791888
0,sent,/prefix/seq=406,20.300000000
0,received,/prefix/seq=398,20.320575101
0,sent,/prefix/seq=407,20.350000000
0,received,/prefix/seq=400,20.379214490
0,sent,/prefix/seq=408,20.400000000
0,received,/prefix/seq=401,20.429251990
0,sent,/prefix/seq=409,20.450000000
0,received,/prefix/seq=403,20.487531147
0,sent,/prefix/seq=410,20.500000000
0,received,/prefix/seq=402,20.520657717
0,sent,/prefix/seq=411,20.550000000
0,received,/prefix/seq=404,20.578921242
0,sent,/prefix/seq=412,20.600000000
0,received,/prefix/seq=405,20.629182642
0,sent,/prefix/seq=413,20.650000000
0,received,/prefix/seq=407,20.686937522
0,sent,/prefix/seq=414,20.700000000
0,received,/prefix/seq=406,20.720445942
0,sent,/prefix/seq=415,20.750000000
0,received,/prefix/seq=408,20.778770976
0,sent,/prefix/seq=416,20.800000000
0,received,/prefix/seq=409,20.828978325
0,sent,/prefix/seq=417,20.850000000
0,received,/prefix/seq=411,20.887477634
0,sent,/prefix/seq=418,20.900000000
0,received,/prefix/seq=410,20.920719998
0,sent,/prefix/seq=419,20.950000000
0,received,/prefix/seq=412,20.979116067
0,sent,/prefix/seq=420,21.000000000
0,received,/prefix/seq=413,21.029087172
0,sent,/prefix/seq=421,21.050000000
0,received,/prefix/seq=415,21.086901627
0,sent,/prefix/seq=422,21.100000000
0,received,/prefix/seq=414,21.120909243
0,sent,/prefix/seq=423,21.150000000
0,received,/prefix/seq=416,21.178833216
0,sent,/prefix/seq=424,21.200000000
0,received,/prefix/seq=417,21.229171912
0,sent,/prefix/seq=425,21.250000000
0,received,/prefix/seq=419,21.286925993
0,sent,/prefix/seq=426,21.300000000
0,received,/prefix/seq=418,21.320739769
0,sent,/prefix/seq=427,21.350000000
0,received,/prefix/seq=420,21.379023558
0,sent,/prefix/seq=428,21.400000000
0,received,/prefix/seq=421,21.429198410
0,sent,/prefix/seq=429,21.450000000
0,received,/prefix/seq=423,21.487562331
0,sent,/prefix/seq=430,21.500000000
0,received,/prefix/seq=422,21.520548837
0,sent,/prefix/seq=431,21.550000000
0,received,/prefix/seq=424,21.579132636
0,sent,/prefix/seq=432,21.600000000
0,received,/prefix/seq=425,21.629221500
0,sent,/prefix/seq=433,21.650000000
0,received,/prefix/seq=427,21.687032358
0,sent,/prefix/seq=434,21.700000000
0,received,/prefix/seq=426,21.720509905
0,sent,/prefix/seq=435,21.750000000
0,received,/prefix/seq=428,21.779120624
0,sent,/prefix/seq=436,21.800000000
0,received,/prefix/seq=429,21.828497005
0,sent,/prefix/seq=437,21.850000000
0,received,/prefix/seq=431,21.887413781
0,sent,/prefix/seq=438,21.900000000
0,received,/prefix/seq=430,21.920369579
0,sent,/prefix/seq=439,21.950000000
0,received,/prefix/seq=432,21.978494328
0,sent,/prefix/seq=440,22.000000000
0,received,/prefix/seq=433,22.029239296
0,sent,/prefix/seq=441,22.050000000
0,received,/prefix/seq=435,22.087294237
0,sent,/prefix/seq=442,22.100000000
0,received,/prefix/seq=434,22.120690261
0,sent,/prefix/seq=443,22.150000000
0,received,/prefix/seq=436,22.179167271
0,sent,/prefix/seq=444,22.200000000
0,received,/prefix/seq=437,22.228548203
0,sent,/prefix/seq=445,22.250000000
0,received,/prefix/seq=439,22.287016914
0,sent,/prefix/seq=446,22.300000000
0,received,/prefix/seq=438,22.320777092
0,sent,/prefix/seq=447,22.350000000
0,received,/prefix/seq=440,22.379071861
0,sent,/prefix/seq=448,22.400000000
0,received,/prefix/seq=441,22.428909090
0,sent,/prefix/seq=449,22.450000000
0,received,/prefix/seq=443,22.487266594
0,sent,/prefix/seq=450,22.500000000
0,received,/prefix/seq=442,22.520239881
0,sent,/prefix/seq=451,22.550000000
0,received,/prefix/seq=444,22.578741595
0,sent,/prefix/seq=452,22.600000000
0,received,/prefix/seq=445,22.628561125
0,sent,/prefix/seq=453,22.650000000
0,received,/prefix/seq=447,22.687453477
0,sent,/prefix/seq=454,22.700000000
0,received,/prefix/seq=446,22.720713554
0,sent,/prefix/seq=455,22.750000000
0,received,/prefix/seq=448,22.778478370
0,sent,/prefix/seq=456,22.800000000
0,received,/prefix/seq=449,22.828865323
0,sent,/prefix/seq=457,22.850000000
0,received,/prefix/seq=451,22.887380594
0,sent,/prefix/seq=458,22.900000000
0,received,/prefix/seq=450,22.920124804
0,sent,/prefix/seq=459,22.950000000
0,received,/prefix/seq=452,22.978809067
0,sent,/prefix/seq=460,23.000000000
0,received,/prefix/seq=453,23.028885641
0,sent,/prefix/seq=461,23.050000000
0,received,/prefix/seq=455,23.087020370
0,sent,/prefix/seq=462,23.100000000
0,received,/prefix/seq=454,23.120688259
0,sent,/prefix/seq=463,23.150000000
0,received,/prefix/seq=456,23.178852475
0,sent,/prefix/seq=464,23.200000000
0,received,/prefix/seq=457,23.228610164
0,sent,/prefix/seq=465,23.250000000
0,received,/prefix/seq=459,23.287051766
0,sent,/prefix/seq=466,23.300000000
0,received,/prefix/seq=458,23.320598061
0,sent,/prefix/seq=467,23.350000000
0,received,/prefix/seq=460,23.378652503
0,sent,/prefix/seq=468,23.400000000
0,received,/prefix/seq=461,23.429179640
0,sent,/prefix/seq=469,23.450000000
0,received,/prefix/seq=463,23.487025498
0,sent,/prefix/seq=470,23.500000000
0,received,/prefix/seq=462,23.520210880
0,sent,/prefix/seq=471,23.550000000
0,received,/prefix/seq=464,23.579164269
0,sent,/prefix/seq=472,23.600000000
0,received,/prefix/seq=465,23.629113142
0,sent,/prefix/seq=473,23.650000000
0,received,/prefix/seq=467,23.687410207
0,sent,/prefix/seq=474,23.700000000
0,received,/prefix/seq=466,23.720865068
0,sent,/prefix/seq=475,23.750000000
0,received,/prefix/seq=468,23.779206678
0,sent,/prefix/seq=476,23.800000000
0,received,/prefix/seq=469,23.829054160
0,sent,/prefix/seq=477,23.850000000
0,received,/prefix/seq=471,23.887357205
0,sent,/prefix/seq=478,23.900000000
0,received,/prefix/seq=470,23.920172454
0,sent,/prefix/seq=479,23.950000000
0,received,/prefix/seq=472,23.978708583
0,sent,/prefix/seq=480,24.000000000
0,received,/prefix/seq=473,24.028624335
0,sent,/prefix/seq=481,24.050000000
0,received,/prefix/seq=475,24.087328844
0,sent,/prefix/seq=482,24.100000000
0,received,/prefix/seq=474,24.120369133
0,sent,/prefix/seq=483,24.150000000
0,received,/prefix/seq=476,24.178730793
0,sent,/prefix/seq=484,24.200000000
0,received,/prefix/seq=477,24.228494687
0,sent,/prefix/seq=485,24.250000000
0,received,/prefix/seq=479,24.287087830
0,sent,/prefix/seq=486,24.300000000
0,received,/prefix/seq=478,24.320527655
0,sent,/prefix/seq=487,24.350000000
0,received,/prefix/seq=480,24.378905344
0,sent,/prefix/seq=488,24.400000000
0,received,/prefix/seq=481,24.428864459
0,sent,/prefix/seq=489,24.450000000
0,received,/prefix/seq=483,24.486793077
0,sent,/prefix/seq=490,24.500000000
0,received,/prefix/seq=482,24.520213758
0,sent,/prefix/seq=491,24.550000000
0,received,/prefix/seq=484,24.578495433
0,sent,/prefix/seq=492,24.600000000
0,received,/prefix/seq=485,24.629114017
0,sent,/prefix/seq=493,24.650000000
0,received,/prefix/seq=487,24.687226575
0,sent,/prefix/seq=494,24.700000000
0,received,/prefix/seq=486,24.720358780
0,sent,/prefix/seq=495,24.750000000
0,received,/prefix/seq=488,24.778469514
0,sent,/prefix/seq=496,24.800000000
0,received,/prefix/seq=489,24.829168841
0,sent,/prefix/seq=497,24.850000000
0,received,/prefix/seq=491,24.887000683
0,sent,/prefix/seq=498,24.900000000
0,received,/prefix/seq=490,24.920823674
0,sent,/prefix/seq=499,24.950000000
0,received,/prefix/seq=492,24.979093814
0,sent,/prefix/seq=500,25.000000000
0,received,/prefix/seq=493,25.029246554
0,sent,/prefix/seq=501,25.050000000
0,received,/prefix/seq=495,25.087336750
0,sent,/prefix/seq=502,25.100000000
0,received,/prefix/seq=494,25.120571514
0,sent,/prefix/seq=503,25.150000000
0,received,/prefix/seq=496,25.179105029
0,sent,/prefix/seq=504,25.200000000
0,received,/prefix/seq=497,25.228848581
0,sent,/prefix/seq=505,25.250000000
0,received,/prefix/seq=499,25.287390373
0,sent,/prefix/seq=506,25.300000000
0,received,/prefix/seq=498,25.320492290
0,sent,/prefix/seq=507,25.350000000
0,received,/prefix/seq=500,25.378648074
0,sent,/prefix/seq=508,25.400000000
0,received,/prefix/seq=501,25.428876744
0,sent,/prefix/seq=509,25.450000000
0,received,/prefix/seq=503,25.487235324
0,sent,/prefix/seq=510,25.500000000
0,received,/prefix/seq=502,25.520492912
0,sent,/prefix/seq=511,25.550000000
0,received,/prefix/seq=504,25.579046413
0,sent,/prefix/seq=512,25.600000000
0,received,/prefix/seq=505,25.629074045
0,sent,/prefix/seq=513,25.650000000
0,received,/prefix/seq=507,25.686855872
0,sent,/prefix/seq=514,25.700000000
0,received,/prefix/seq=506,25.720309501
0,sent,/prefix/seq=515,25.750000000
0,received,/prefix/seq=508,25.779114066
0,sent,/prefix/seq=516,25.800000000
0,received,/prefix/seq=509,25.829049156
0,sent,/prefix/seq=517,25.850000000
0,received,/prefix/seq=511,25.887098077
0,sent,/prefix/seq=518,25.900000000
0,received,/prefix/seq=510,25.920489036
0,sent,/prefix/seq=519,25.950000000
0,received,/prefix/seq=512,25.978658947
0,sent,/prefix/seq=520,26.000000000
0,received,/prefix/seq=513,26.028914793
0,sent,/prefix/seq=521,26.050000000
0,received,/prefix/seq=515,26.087033047
0,sent,/prefix/seq=522,26.100000000
0,received,/prefix/seq=514,26.120436487
0,sent,/prefix/seq=523,26.150000000
0,received,/prefix/seq=516,26.178774143
0,sent,/prefix/seq=524,26.200000000
0,received,/prefix/seq=517,26.229007267
0,sent,/prefix/seq=525,26.250000000
0,received,/prefix/seq=519,26.287122323
0,sent,/prefix/seq=526,26.300000000
0,received,/prefix/seq=518,26.320804955
0,sent,/prefix/seq=527,26.350000000
0,received,/prefix/seq=520,26.378921442
0,sent,/prefix/seq=528,26.400000000
0,received,/prefix/seq=521,26.429040629
0,sent,/prefix/seq=529,26.450000000
0,received,/prefix/seq=523,26.487093923
0,sent,/prefix/seq=530,26.500000000
0,received,/prefix/seq=522,26.520668339
0,sent,/prefix/seq=531,26.550000000
0,received,/prefix/seq=524,26.579032517
0,sent,/prefix/seq=532,26.600000000
0,received,/prefix/seq=525,26.628651853
0,sent,/prefix/seq=533,26.650000000
0,received,/prefix/seq=527,26.687216213
0,sent,/prefix/seq=534,26.700000000
0,received,/prefix/seq=526,26.720176006
0,sent,/prefix/seq=535,26.750000000
0,received,/prefix/seq=528,26.779045768
0,sent,/prefix/seq=536,26.800000000
0,received,/prefix/seq=529,26.828880296
0,sent,/prefix/seq=537,26.850000000
0,received,/prefix/seq=531,26.887572509
0,sent,/prefix/seq=538,26.900000000
0,received,/prefix/seq=530,26.920351919
0,sent,/prefix/seq=539,26.950000000
0,received,/prefix/seq=532,26.978502374
0,sent,/prefix/seq=540,27.000000000
0,received,/prefix/seq=533,27.029056832
0,sent,/prefix/seq=541,27.050000000
0,received,/prefix/seq=535,27.087427453
0,sent,/prefix/seq=542,27.100000000
0,received,/prefix/seq=534,27.120553166
0,sent,/prefix/seq=543,27.150000000
0,received,/prefix/seq=536,27.178876210
0,sent,/prefix/seq=544,27.200000000
0,received,/prefix/seq=537,27.229074667
0,sent,/prefix/seq=545,27.250000000
0,received,/prefix/seq=539,27.287068942
0,sent,/prefix/seq=546,27.300000000
0,received,/prefix/seq=538,27.320828659
0,sent,/prefix/seq=547,27.350000000
0,received,/prefix/seq=540,27.378869156
0,sent,/prefix/seq=548,27.400000000
0,received,/prefix/seq=541,27.428729695
0,sent,/prefix/seq=549,27.450000000
0,received,/prefix/seq=543,27.487406770
0,sent,/prefix/seq=550,27.500000000
0,received,/prefix/seq=542,27.520712352
0,sent,/prefix/seq=551,27.550000000
0,received,/prefix/seq=544,27.579189821
0,sent,/prefix/seq=552,27.600000000
0,received,/prefix/seq=545,27.628560839
0,sent,/prefix/seq=553,27.650000000
0,received,/prefix/seq=547,27.687042631
0,sent,/prefix/seq=554,27.700000000
0,received,/prefix/seq=546,27.720185151
0,sent,/prefix/seq=555,27.750000000
0,received,/prefix/seq=548,27.779113440
0,sent,/prefix/seq=556,27.800000000
0,received,/prefix/seq=549,27.829202106
0,sent,/prefix/seq=557,27.850000000
0,received,/prefix/seq=551,27.887113548
0,sent,/prefix/seq=558,27.900000000
0,received,/prefix/seq=550,27.920710288
0,sent,/prefix/seq=559,27.950000000
0,received,/prefix/seq=552,27.978988069
0,sent,/prefix/seq=560,28.000000000
0,received,/prefix/seq=553,28.028790627
0,sent,/prefix/seq=561,28.050000000
0,received,/prefix/seq=555,28.087099252
0,sent,/prefix/seq=562,28.100000000
0,received,/prefix/seq=554,28.120752805
0,sent,/prefix/seq=563,28.150000000
0,received,/prefix/seq=556,28.178987814
0,sent,/prefix/seq=564,28.200000000
0,received,/prefix/seq=557,28.229140811
0,sent,/prefix/seq=565,28.250000000
0,received,/prefix/seq=559,28.287112249
0,sent,/prefix/seq=566,28.300000000
0,received,/prefix/seq=558,28.320860798
0,sent,/prefix/seq=567,28.350000000
0,received,/prefix/seq=560,28.378766441
0,sent,/prefix/seq=568,28.400000000
0,received,/prefix/seq=561,28.428624718
0,sent,/prefix/seq=569,28.450000000
0,received,/prefix/seq=563,28.487147481
0,sent,/prefix/seq=570,28.500000000
0,received,/prefix/seq=562,28.520430091
0,sent,/prefix/seq=571,28.550000000
0,received,/prefix/seq=564,28.579226883
0,sent,/prefix/seq=572,28.600000000
0,received,/prefix/seq=565,28.629195257
0,sent,/prefix/seq=573,28.650000000
0,received,/prefix/seq=567,28.687181759
0,sent,/prefix/seq=574,28.700000000
0,received,/prefix/seq=566,28.720320268
0,sent,/prefix/seq=575,28.750000000
0,received,/prefix/seq=568,28.779015257
0,sent,/prefix/seq=576,28.800000000
0,received,/prefix/seq=569,28.828560927
0,sent,/prefix/seq=577,28.850000000
0,received,/prefix/seq=571,28.886963080
0,sent,/prefix/seq=578,28.900000000
0,received,/prefix/seq=570,28.920796035
0,sent,/prefix/seq=579,28.950000000
0,received,/prefix/seq=572,28.978835955
0,sent,/prefix/seq=580,29.000000000
0,received,/prefix/seq=573,29.028920387
0,sent,/prefix/seq=581,29.050000000
0,received,/prefix/seq=575,29.087104443
0,sent,/prefix/seq=582,29.100000000
0,received,/prefix/seq=574,29.120915183
0,sent,/prefix/seq=583,29.150000000
0,received,/prefix/seq=576,29.179026560
0,sent,/prefix/seq=584,29.200000000
0,received,/prefix/seq=577,29.228512333
0,sent,/prefix/seq=585,29.250000000
0,received,/prefix/seq=579,29.287218667
0,sent,/prefix/seq=586,29.300000000
0,received,/prefix/seq=578,29.320692408
0,sent,/prefix/seq=587,29.350000000
0,received,/prefix/seq=580,29.378459773
0,sent,/prefix/seq=588,29.400000000
0,received,/prefix/seq=581,29.428814695
0,sent,/prefix/seq=589,29.450000000
0,received,/prefix/seq=583,29.487326508
0,sent,/prefix/seq=590,29.500000000
0,received,/prefix/seq=582,29.520877549
0,sent,/prefix/seq=591,29.550000000
0,received,/prefix/seq=584,29.579150656
0,sent,/prefix/seq=592,29.600000000
0,received,/prefix/seq=585,29.629042353
0,sent,/prefix/seq=593,29.650000000
0,received,/prefix/seq=587,29.687217137
0,sent,/prefix/seq=594,29.700000000
0,received,/prefix/seq=586,29.720171093
0,sent,/prefix/seq=595,29.750000000
0,received,/prefix/seq=588,29.778928498
0,sent,/prefix/seq=596,29.800000000
0,received,/prefix/seq=589,29.829243892
0,sent,/prefix/seq=597,29.850000000
0,received,/prefix/seq=591,29.887573605
0,sent,/prefix/seq=598,29.900000000
0,received,/prefix/seq=590,29.920874718
0,sent,/prefix/seq=599,29.950000000
0,received,/prefix/seq=592,29.978613942
0,sent,/prefix/seq=600,30.000000000
0,received,/prefix/seq=593,30.028716809
0,sent,/prefix/seq=601,30.050000000
0,received,/prefix/seq=595,30.086919492
0,sent,/prefix/seq=602,30.100000000
0,received,/prefix/seq=594,30.120466420
0,sent,/prefix/seq=603,30.150000000
0,received,/prefix/seq=596,30.178657400
0,sent,/prefix/seq=604,30.200000000
0,received,/prefix/seq=597,30.228998688
0,sent,/prefix/seq=605,30.250000000
0,received,/prefix/seq=599,30.287551323
0,sent,/prefix/seq=606,30.300000000
0,received,/prefix/seq=598,30.320646584
0,sent,/prefix/seq=607,30.350000000
0,received,/prefix/seq=600,30.379104949
0,sent,/prefix/seq=608,30.400000000
0,received,/prefix/seq=601,30.428854619
0,sent,/prefix/seq=609,30.450000000
0,received,/prefix/seq=603,30.487019571
0,sent,/prefix/seq=610,30.500000000
0,received,/prefix/seq=602,30.520259736
0,sent,/prefix/seq=611,30.550000000
0,received,/prefix/seq=604,30.578520340
0,sent,/prefix/seq=612,30.600000000
0,received,/prefix/seq=605,30.628586919
0,sent,/prefix/seq=613,30.650000000
0,received,/prefix/seq=607,30.687425566
0,sent,/prefix/seq=614,30.700000000
0,received,/prefix/seq=606,30.720669347
0,sent,/prefix/seq=615,30.750000000
0,received,/prefix/seq=608,30.778644586
0,sent,/prefix/seq=616,30.800000000
0,received,/prefix/seq=609,30.828773755
0,sent,/prefix/seq=617,30.850000000
0,received,/prefix/seq=611,30.886983025
0,sent,/prefix/seq=618,30.900000000
0,received,/prefix/seq=610,30.920389566
0,sent,/prefix/seq=619,30.950000000
0,received,/prefix/seq=612,30.979133783
0,sent,/prefix/seq=620,31.000000000
0,received,/prefix/seq=613,31.028679115
0,sent,/prefix/seq=621,31.050000000
0,received,/prefix/seq=615,31.087363106
0,sent,/prefix/seq=622,31.100000000
0,received,/prefix/seq=614,31.120854866
0,sent,/prefix/seq=623,31.150000000
0,received,/prefix/seq=616,31.178466801
0,sent,/prefix/seq=624,31.200000000
0,received,/prefix/seq=617,31.229237959
0,sent,/prefix/seq=625,31.250000000
0,received,/prefix/seq=619,31.287273966
0,sent,/prefix/seq=626,31.300000000
0,received,/prefix/seq=618,31.320325576
0,sent,/prefix/seq=627,31.350000000
0,received,/prefix/seq=620,31.379227184
0,sent,/prefix/seq=628,31.400000000
0,received,/prefix/seq=621,31.428612294
0,sent,/prefix/seq=629,31.450000000
0,received,/prefix/seq=623,31.486919793
0,sent,/prefix/seq=630,31.500000000
0,received,/prefix/seq=622,31.520592904
0,sent,/prefix/seq=631,31.550000000
0,received,/prefix/seq=624,31.578874437
0,sent,/prefix/seq=632,31.600000000
0,received,/prefix/seq=625,31.628471324
0,sent,/prefix/seq=633,31.650000000
0,received,/prefix/seq=627,31.687410503
0,sent,/prefix/seq=634,31.700000000
0,received,/prefix/seq=626,31.720384618
0,sent,/prefix/seq=635,31.750000000
0,received,/prefix/seq=628,31.779015345
0,sent,/prefix/seq=636,31.800000000
0,received,/prefix/seq=629,31.829243202
0,sent,/prefix/seq=637,31.850000000
0,received,/prefix/seq=631,31.887198960
0,sent,/prefix/seq=638,31.900000000
0,received,/prefix/seq=630,31.920707160
0,sent,/prefix/seq=639,31.950000000
0,received,/prefix/seq=632,31.978843155
0,sent,/prefix/seq=640,32.000000000
0,received,/prefix/seq=633,32.029178896
0,sent,/prefix/seq=641,32.050000000
0,received,/prefix/seq=635,32.087242161
0,sent,/prefix/seq=642,32.100000000
0,received,/prefix/seq=634,32.120763864
0,sent,/prefix/seq=643,32.150000000
0,received,/prefix/seq=636,32.178511149
0,sent,/prefix/seq=644,32.200000000
0,received,/prefix/seq=637,32.228845211
0,sent,/prefix/seq=645,32.250000000
0,received,/prefix/seq=639,32.287034401
0,sent,/prefix/seq=646,32.300000000
0,received,/prefix/seq=638,32.320413060
0,sent,/prefix/seq=647,32.350000000
0,received,/prefix/seq=640,32.379164299
0,sent,/prefix/seq=648,32.400000000
0,received,/prefix/seq=641,32.429014627
0,sent,/prefix/seq=649,32.450000000
0,received,/prefix/seq=643,32.487376749
0,sent,/prefix/seq=650,32.500000000
0,received,/prefix/seq=642,32.520562759
0,sent,/prefix/seq=651,32.550000000
0,received,/prefix/seq=644,32.579239075
0,sent,/prefix/seq=652,32.600000000
0,received,/prefix/seq=645,32.628829625
0,sent,/prefix/seq=653,32.650000000
0,received,/prefix/seq=647,32.687584543
0,sent,/prefix/seq=654,32.700000000
0,received,/prefix/seq=646,32.720485189
0,sent,/prefix/seq=655,32.750000000
0,received,/prefix/seq=648,32.778812918
0,sent,/prefix/seq=656,32.800000000
0,received,/prefix/seq=649,32.829022765
0,sent,/prefix/seq=657,32.850000000
0,received,/prefix/seq=651,32.887118769
0,sent,/prefix/seq=658,32.900000000
0,received,/prefix/seq=650,32.920603842
0,sent,/prefix/seq=659,32.950000000
0,received,/prefix/seq=652,32.979180393
0,sent,/prefix/seq=660,33.000000000
0,received,/prefix/seq=653,33.028608746
0,sent,/prefix/seq=661,33.050000000
0,received,/prefix/seq=655,33.087133496
0,sent,/prefix/seq=662,33.100000000
0,received,/prefix/seq=654,33.120583895
0,sent,/prefix/seq=663,33.150000000
0,received,/prefix/seq=656,33.178625403
0,sent,/prefix/seq=664,33.200000000
0,received,/prefix/seq=657,33.229180514
0,sent,/prefix/seq=665,33.250000000
0,received,/prefix/seq=659,33.287519414
0,sent,/prefix/seq=666,33.300000000
0,received,/prefix/seq=658,33.320289333
0,sent,/prefix/seq=667,33.350000000
0,received,/prefix/seq=660,33.379169050
0,sent,/prefix/seq=668,33.400000000
0,received,/prefix/seq=661,33.429208493
0,sent,/prefix/seq=669,33.450000000
0,received,/prefix/seq=663,33.487090871
0,sent,/prefix/seq=670,33.500000000
0,received,/prefix/seq=662,33.520463708
0,sent,/prefix/seq=671,33.550000000
0,received,/prefix/seq=664,33.579132722
0,sent,/prefix/seq=672,33.600000000
0,received,/prefix/seq=665,33.628639572
0,sent,/prefix/seq=673,33.650000000
0,received,/prefix/seq=667,33.687522538
0,sent,/prefix/seq=674,33.700000000
0,received,/prefix/seq=666,33.720878365
0,sent,/prefix/seq=675,33.750000000
0,received,/prefix/seq=668,33.779030117
0,sent,/prefix/seq=676,33.800000000
0,received,/prefix/seq=669,33.828703426
0,sent,/prefix/seq=677,33.850000000
0,received,/prefix/seq=671,33.887273083
0,sent,/prefix/seq=678,33.900000000
0,received,/prefix/seq=670,33.920302272
0,sent,/prefix/seq=679,33.950000000
0,received,/prefix/seq=672,33.978463386
0,sent,/prefix/seq=680,34.000000000
0,received,/prefix/seq=673,34.029077031
0,sent,/prefix/seq=681,34.050000000
0,received,/prefix/seq=675,34.087581128
0,sent,/prefix/seq=682,34.100000000
0,received,/prefix/seq=674,34.120395166
0,sent,/prefix/seq=683,34.150000000
0,received,/prefix/seq=676,34.178651989
0,sent,/prefix/seq=684,34.200000000
0,received,/prefix/seq=677,34.229092355
0,sent,/prefix/seq=685,34.250000000
0,received,/prefix/seq=679,34.287343574
0,sent,/prefix/seq=686,34.300000000
0,received,/prefix/seq=678,34.320911004
0,sent,/prefix/seq=687,34.350000000
0,received,/prefix/seq=680,34.378860453
0,sent,/prefix/seq=688,34.400000000
0,received,/prefix/seq=681,34.428926846
0,sent,/prefix/seq=689,34.450000000
0,received,/prefix/seq=683,34.487119512
0,sent,/prefix/seq=690,34.500000000
0,received,/prefix/seq=682,34.520207676
0,sent,/prefix/seq=691,34.550000000
0,received,/prefix/seq=684,34.579080925
0,sent,/prefix/seq=692,34.600000000
0,received,/prefix/seq=685,34.629003571
0,sent,/prefix/seq=693,34.650000000
0,received,/prefix/seq=687,34.687584994
0,sent,/prefix/seq=694,34.700000000
0,received,/prefix/seq=686,34.720798342
0,sent,/prefix/seq=695,34.750000000
0,received,/prefix/seq=688,34.778929419
0,sent,/prefix/seq=696,34.800000000
0,received,/prefix/seq=689,34.828499675
0,sent,/prefix/seq=697,34.850000000
0,received,/prefix/seq=691,34.887177135
0,sent,/prefix/seq=698,34.900000000
0,received,/prefix/seq=690,34.920849742
0,sent,/prefix/seq=699,34.950000000
0,received,/prefix/seq=692,34.979253501
0,sent,/prefix/seq=700,35.000000000
0,received,/prefix/seq=693,35.028725450
0,sent,/prefix/seq=701,35.050000000
0,received,/prefix/seq=695,35.087464890
0,sent,/prefix/seq=702,35.100000000
0,received,/prefix/seq=694,35.120813339
0,sent,/prefix/seq=703,35.150000000
0,received,/prefix/seq=696,35.178910356
0,sent,/prefix/seq=704,35.200000000
0,received,/prefix/seq=697,35.229103705
0,sent,/prefix/seq=705,35.250000000
0,received,/prefix/seq=699,35.287019140
0,sent,/prefix/seq=706,35.300000000
0,received,/prefix/seq=698,35.320732762
0,sent,/prefix/seq=707,35.350000000
0,received,/prefix/seq=700,35.378552464
0,sent,/prefix/seq=708,35.400000000
0,received,/prefix/seq=701,35.429247033
0,sent,/prefix/seq=709,35.450000000
0,received,/prefix/seq=703,35.486894516
0,sent,/prefix/seq=710,35.500000000
0,received,/prefix/seq=702,35.520837556
0,sent,/prefix/seq=711,35.550000000
0,received,/prefix/seq=704,35.579069398
0,sent,/prefix/seq=712,35.600000000
0,received,/prefix/seq=705,35.628644722
0,sent,/prefix/seq=713,35.650000000
0,received,/prefix/seq=707,35.686800054
0,sent,/prefix/seq=714,35.700000000
0,received,/prefix/seq=706,35.720220977
0,sent,/prefix/seq=715,35.750000000
0,received,/prefix/seq=708,35.778482411
0,sent,/prefix/seq=716,35.800000000
0,received,/prefix/seq=709,35.828543981
0,sent,/prefix/seq=717,35.850000000
0,received,/prefix/seq=711,35.887221530
0,sent,/prefix/seq=718,35.900000000
0,received,/prefix/seq=710,35.920688961
0,sent,/prefix/seq=719,35.950000000
0,received,/prefix/seq=712,35.979016160
0,sent,/prefix/seq=720,36.000000000
0,received,/prefix/seq=713,36.029108637
0,sent,/prefix/seq=721,36.050000000
0,received,/prefix/seq=715,36.087175751
0,sent,/prefix/seq=722,36.100000000
0,received,/prefix/seq=714,36.120886376
0,sent,/prefix/seq=723,36.150000000
0,received,/prefix/seq=716,36.178857542
0,sent,/prefix/seq=724,36.200000000
0,received,/prefix/seq=717,36.229096718
0,sent,/prefix/seq=725,36.250000000
0,received,/prefix/seq=719,36.286865627
0,sent,/prefix/seq=726,36.300000000
0,received,/prefix/seq=718,36.320506079
0,sent,/prefix/seq=727,36.350000000
0,received,/prefix/seq=720,36.379141726
0,sent,/prefix/seq=728,36.400000000
0,received,/prefix/seq=721,36.428767821
0,sent,/prefix/seq=729,36.450000000
0,received,/prefix/seq=723,36.487473894
0,sent,/prefix/seq=730,36.500000000
0,received,/prefix/seq=722,36.520588095
0,sent,/prefix/seq=731,36.550000000
0,received,/prefix/seq=724,36.579038605
0,sent,/prefix/seq=732,36.600000000
0,received,/prefix/seq=725,36.628813434
0,sent,/prefix/seq=733,36.650000000
0,received,/prefix/seq=727,36.687027627
0,sent,/prefix/seq=734,36.700000000
0,received,/prefix/seq=726,36.720684118
0,sent,/prefix/seq=735,36.750000000
0,received,/prefix/seq=728,36.778662472
0,sent,/prefix/seq=736,36.800000000
0,received,/prefix/seq=729,36.828828879
0,sent,/prefix/seq=737,36.850000000
0,received,/prefix/seq=731,36.887093603
0,sent,/prefix/seq=738,36.900000000
0,received,/prefix/seq=730,36.920592100
0,sent,/prefix/seq=739,36.950000000
0,received,/prefix/seq=732,36.978821246
0,sent,/prefix/seq=740,37.000000000
0,received,/prefix/seq=733,37.028841657
0,sent,/prefix/seq=741,37.050000000
0,received,/prefix/seq=735,37.086969311
0,sent,/prefix/seq=742,37.100000000
0,received,/prefix/seq=734,37.120533452
0,sent,/prefix/seq=743,37.150000000
0,received,/prefix/seq=736,37.179031712
0,sent,/prefix/seq=744,37.200000000
0,received,/prefix/seq=737,37.228966430
0,sent,/prefix/seq=745,37.250000000
0,received,/prefix/seq=739,37.287392789
0,sent,/prefix/seq=746,37.300000000
0,received,/prefix/seq=738,37.320314698
0,sent,/prefix/seq=747,37.350000000
0,received,/prefix/seq=740,37.379055744
0,sent,/prefix/seq=748,37.400000000
0,received,/prefix/seq=741,37.429215659
0,sent,/prefix/seq=749,37.450000000
0,received,/prefix/seq=743,37.487150571
0,sent,/prefix/seq=750,37.500000000
0,received,/prefix/seq=742,37.520359653
0,sent,/prefix/seq=751,37.550000000
0,received,/prefix/seq=744,37.579069629
0,sent,/prefix/seq=752,37.600000000
0,received,/prefix/seq=745,37.628658029
0,sent,/prefix/seq=753,37.650000000
0,received,/prefix/seq=747,37.687005837
0,sent,/prefix/seq=754,37.700000000
0,received,/prefix/seq=746,37.720871656
0,sent,/prefix/seq=755,37.750000000
0,received,/prefix/seq=748,37.778500080
0,sent,/prefix/seq=756,37.800000000
0,received,/prefix/seq=749,37.828789735
0,sent,/prefix/seq=757,37.850000000
0,received,/prefix/seq=751,37.887520473
0,sent,/prefix/seq=758,37.900000000
0,received,/prefix/seq=750,37.920416798
0,sent,/prefix/seq=759,37.950000000
0,received,/prefix/seq=752,37.979102889
0,sent,/prefix/seq=760,38.000000000
0,received,/prefix/seq=753,38.029216893
0,sent,/prefix/seq=761,38.050000000
0,received,/prefix/seq=755,38.087220160
0,sent,/prefix/seq=762,38.100000000
0,received,/prefix/seq=754,38.120739700
0,sent,/prefix/seq=763,38.150000000
0,received,/prefix/seq=756,38.178775661
0,sent,/prefix/seq=764,38.200000000
0,received,/prefix/seq=757,38.228835818
0,sent,/prefix/seq=765,38.250000000
0,received,/prefix/seq=759,38.287316800
0,sent,/prefix/seq=766,38.300000000
0,received,/prefix/seq=758,38.320793121
0,sent,/prefix/seq=767,38.350000000
0,received,/prefix/seq=760,38.379210031
0,sent,/prefix/seq=768,38.400000000
0,received,/prefix/seq=761,38.428797221
0,sent,/prefix/seq=769,38.450000000
0,received,/prefix/seq=763,38.487109944
0,sent,/prefix/seq=770,38.500000000
0,received,/prefix/seq=762,38.520155736
0,sent,/prefix/seq=771,38.550000000
0,received,/prefix/seq=764,38.579184211
0,sent,/prefix/seq=772,38.600000000
0,received,/prefix/seq=765,38.628901188
0,sent,/prefix/seq=773,38.650000000
0,received,/prefix/seq=767,38.687294590
0,sent,/prefix/seq=774,38.700000000
0,received,/prefix/seq=766,38.720624588
0,sent,/prefix/seq=775,38.750000000
0,received,/prefix/seq=768,38.778612951
0,sent,/prefix/seq=776,38.800000000
0,received,/prefix/seq=769,38.829151285
0,sent,/prefix/seq=777,38.850000000
0,received,/prefix/seq=771,38.887547362
0,sent,/prefix/seq=778,38.900000000
0,received,/prefix/seq=770,38.920432713
0,sent,/prefix/seq=779,38.950000000
0,received,/prefix/seq=772,38.979112277
0,sent,/prefix/seq=780,39.000000000
0,received,/prefix/seq=773,39.029004366
0,sent,/prefix/seq=781,39.050000000
0,received,/prefix/seq=775,39.087260573
0,sent,/prefix/seq=782,39.100000000
0,received,/prefix/seq=774,39.120443266
0,sent,/prefix/seq=783,39.150000000
0,received,/prefix/seq=776,39.179207728
0,sent,/prefix/seq=784,39.200000000
0,received,/prefix/seq=777,39.228726922
0,sent,/prefix/seq=785,39.250000000
0,received,/prefix/seq=779,39.287586474
0,sent,/prefix/seq=786,39.300000000
0,received,/prefix/seq=778,39.320811744
0,sent,/prefix/seq=787,39.350000000
0,received,/prefix/seq=780,39.379061990
0,sent,/prefix/seq=788,39.400000000
0,received,/prefix/seq=781,39.428640542
0,sent,/prefix/seq=789,39.450000000
0,received,/prefix/seq=783,39.487243546
0,sent,/prefix/seq=790,39.500000000
0,received,/prefix/seq=782,39.520852280
0,sent,/prefix/seq=791,39.550000000
0,received,/prefix/seq=784,39.578602768
0,sent,/prefix/seq=792,39.600000000
0,received,/prefix/seq=785,39.629003980
0,sent,/prefix/seq=793,39.650000000
0,received,/prefix/seq=787,39.687257095
0,sent,/prefix/seq=794,39.700000000
0,received,/prefix/seq=786,39.720209039
0,sent,/prefix/seq=795,39.750000000
0,received,/prefix/seq=788,39.778585132
0,sent,/prefix/seq=796,39.800000000
0,received,/prefix/seq=789,39.829214160
0,sent,/prefix/seq=797,39.850000000
0,received,/prefix/seq=791,39.886873829
0,sent,/prefix/seq=798,39.900000000
0,received,/prefix/seq=790,39.920319228
0,sent,/prefix/seq=799,39.950000000
0,received,/prefix/seq=792,39.978756714
0,sent,/prefix/seq=800,40.000000000
0,received,/prefix/seq=793,40.028686964
0,sent,/prefix/seq=801,40.050000000
0,received,/prefix/seq=795,40.087019592
0,sent,/prefix/seq=802,40.100000000
0,received,/prefix/seq=794,40.120529107
0,sent,/prefix/seq=803,40.150000000
0,received,/prefix/seq=796,40.179133485
0,sent,/prefix/seq=804,40.200000000
0,received,/prefix/seq=797,40.228565694
0,sent,/prefix/seq=805,40.250000000
0,received,/prefix/seq=799,40.286825103
0,sent,/prefix/seq=806,40.300000000
0,received,/prefix/seq=798,40.320859515
0,sent,/prefix/seq=807,40.350000000
0,received,/prefix/seq=800,40.378462313
0,sent,/prefix/seq=808,40.400000000
0,received,/prefix/seq=801,40.428704228
0,sent,/prefix/seq=809,40.450000000
0,received,/prefix/seq=803,40.487453257
0,sent,/prefix/seq=810,40.500000000
0,received,/prefix/seq=802,40.520917798
0,sent,/prefix/seq=811,40.550000000
0,received,/prefix/seq=804,40.579253927
0,sent,/prefix/seq=812,40.600000000
0,received,/prefix/seq=805,40.628773065
0,sent,/prefix/seq=813,40.650000000
0,received,/prefix/seq=807,40.687540321
0,sent,/prefix/seq=814,40.700000000
0,received,/prefix/seq=806,40.720459164
0,sent,/prefix/seq=815,40.750000000
0,received,/prefix/seq=808,40.779045320
0,sent,/prefix/seq=816,40.800000000
0,received,/prefix/seq=809,40.828682907
0,sent,/prefix/seq=817,40.850000000
0,received,/prefix/seq=811,40.887185976
0,sent,/prefix/seq=818,40.900000000
0,received,/prefix/seq=810,40.920872128
0,sent,/prefix/seq=819,40.950000000
0,received,/prefix/seq=812,40.978868783
0,sent,/prefix/seq=820,41.000000000
0,received,/prefix/seq=813,41.029136409
0,sent,/prefix/seq=821,41.050000000
0,received,/prefix/seq=815,41.087350217
0,sent,/prefix/seq=822,41.100000000
0,received,/prefix/seq=814,41.120174855
0,sent,/prefix/seq=823,41.150000000
0,received,/prefix/seq=816,41.178885722
0,sent,/prefix/seq=824,41.200000000
0,received,/prefix/seq=817,41.228595895
0,sent,/prefix/seq=825,41.250000000
0,received,/prefix/seq=819,41.287349521
0,sent,/prefix/seq=826,41.300000000
0,received,/prefix/seq=818,41.320352646
0,sent,/prefix/seq=827,41.350000000
0,received,/prefix/seq=820,41.378555388
0,sent,/prefix/seq=828,41.400000000
0,received,/prefix/seq=821,41.428883874
0,sent,/prefix/seq=829,41.450000000
0,received,/prefix/seq=823,41.487190769
0,sent,/prefix/seq=830,41.500000000
0,received,/prefix/seq=822,41.520768683
0,sent,/prefix/seq=831,41.550000000
0,received,/prefix/seq=824,41.579116172
0,sent,/prefix/seq=832,41.600000000
0,received,/prefix/seq=825,41.628709790
0,sent,/prefix/seq=833,41.650000000
0,received,/prefix/seq=827,41.687328323
0,sent,/prefix/seq=834,41.700000000
0,received,/prefix/seq=826,41.720755694
0,sent,/prefix/seq=835,41.750000000
0,received,/prefix/seq=828,41.778820818
0,sent,/prefix/seq=836,41.800000000
0,received,/prefix/seq=829,41.829027209
0,sent,/prefix/seq=837,41.850000000
0,received,/prefix/seq=831,41.887161797
0,sent,/prefix/seq=838,41.900000000
0,received,/prefix/seq=830,41.920698760
0,sent,/prefix/seq=839,41.950000000
0,received,/prefix/seq=832,41.978476770
0,sent,/prefix/seq=840,42.000000000
0,received,/prefix/seq=833,42.029028558
0,sent,/prefix/seq=841,42.050000000
0,received,/prefix/seq=835,42.086809363
0,sent,/prefix/seq=842,42.100000000
0,received,/prefix/seq=834,42.120360388
0,sent,/prefix/seq=843,42.150000000
0,received,/prefix/seq=836,42.178546956
0,sent,/prefix/seq=844,42.200000000
0,received,/prefix/seq=837,42.229031551
0,sent,/prefix/seq=845,42.250000000
0,received,/prefix/seq=839,42.287470943
0,sent,/prefix/seq=846,42.300000000
0,received,/prefix/seq=838,42.320895018
0,sent,/prefix/seq=847,42.350000000
0,received,/prefix/seq=840,42.378459792
0,sent,/prefix/seq=848,42.400000000
0,received,/prefix/seq=841,42.429179146
0,sent,/prefix/seq=849,42.450000000
0,received,/prefix/seq=843,42.487207241
0,sent,/prefix/seq=850,42.500000000
0,received,/prefix/seq=842,42.520402253
0,sent,/prefix/seq=851,42.550000000
0,received,/prefix/seq=844,42.579060888
0,sent,/prefix/seq=852,42.600000000
0,received,/prefix/seq=845,42.628789108
0,sent,/prefix/seq=853,42.650000000
0,received,/prefix/seq=847,42.687025277
0,sent,/prefix/seq=854,42.700000000
0,received,/prefix/seq=846,42.720302792
0,sent,/prefix/seq=855,42.750000000
0,received,/prefix/seq=848,42.778930336
0,sent,/prefix/seq=856,42.800000000
0,received,/prefix/seq=849,42.828867438
0,sent,/prefix/seq=857,42.850000000
0,received,/prefix/seq=851,42.887364391
0,sent,/prefix/seq=858,42.900000000
0,received,/prefix/seq=850,42.920920131
0,sent,/prefix/seq=859,42.950000000
0,received,/prefix/seq=852,42.978496646
0,sent,/prefix/seq=860,43.000000000
0,received,/prefix/seq=853,43.029100814
0,sent,/prefix/seq=861,43.050000000
0,received,/prefix/seq=855,43.087491484
0,sent,/prefix/seq=862,43.100000000
0,received,/prefix/seq=854,43.120300493
0,sent,/prefix/seq=863,43.150000000
0,received,/prefix/seq=856,43.178555938
0,sent,/prefix/seq=864,43.200000000
0,received,/prefix/seq=857,43.228468187
0,sent,/prefix/seq=865,43.250000000
0,received,/prefix/seq=859,43.287255422
0,sent,/prefix/seq=866,43.300000000
0,received,/prefix/seq=858,43.320565141
0,sent,/prefix/seq=867,43.350000000
0,received,/prefix/seq=860,43.379040729
0,sent,/prefix/seq=868,43.400000000
0,received,/prefix/seq=861,43.428675901
0,sent,/prefix/seq=869,43.450000000
0,received,/prefix/seq=863,43.487396166
0,sent,/prefix/seq=870,43.500000000
0,received,/prefix/seq=862,43.520162553
0,sent,/prefix/seq=871,43.550000000
0,received,/prefix/seq=864,43.579249793
0,sent,/prefix/seq=872,43.600000000
0,received,/prefix/seq=865,43.628734941
0,sent,/prefix/seq=873,43.650000000
0,received,/prefix/seq=867,43.686875416
0,sent,/prefix/seq=874,43.700000000
0,received,/prefix/seq=866,43.720750862
0,sent,/prefix/seq=875,43.750000000
0,received,/prefix/seq=868,43.778511825
0,sent,/prefix/seq=876,43.800000000
0,received,/prefix/seq=869,43.829057880
0,sent,/prefix/seq=877,43.850000000
0,received,/prefix/seq=871,43.886850284
0,sent,/prefix/seq=878,43.900000000
0,received,/prefix/seq=870,43.920891692
0,sent,/prefix/seq=879,43.950000000
0,received,/prefix/seq=872,43.978982359
0,sent,/prefix/seq=880,44.000000000
0,received,/prefix/seq=873,44.028705945
0,sent,/prefix/seq=881,44.050000000
0,received,/prefix/seq=875,44.087121914
0,sent,/prefix/seq=882,44.100000000
0,received,/prefix/seq=874,44.120602859
0,sent,/prefix/seq=883,44.150000000
0,received,/prefix/seq=876,44.179040387
0,sent,/prefix/seq=884,44.200000000
0,received,/prefix/seq=877,44.229117651
0,sent,/prefix/seq=885,44.250000000
0,received,/prefix/seq=879,44.287049389
0,sent,/prefix/seq=886,44.300000000
0,received,/prefix/seq=878,44.320692524
0,sent,/prefix/seq=887,44.350000000
0,received,/prefix/seq=880,44.378730422
0,sent,/prefix/seq=888,44.400000000
0,received,/prefix/seq=881,44.429024654
0,sent,/prefix/seq=889,44.450000000
0,received,/prefix/seq=883,44.487105735
0,sent,/prefix/seq=890,44.500000000
0,received,/prefix/seq=882,44.520159113
0,sent,/prefix/seq=891,44.550000000
0,received,/prefix/seq=884,44.578870802
0,sent,/prefix/seq=892,44.600000000
0,received,/prefix/seq=885,44.628671606
0,sent,/prefix/seq=893,44.650000000
0,received,/prefix/seq=887,44.687305406
0,sent,/prefix/seq=894,44.700000000
0,received,/prefix/seq=886,44.720342552
0,sent,/prefix/seq=895,44.750000000
0,received,/prefix/seq=888,44.778685126
0,sent,/prefix/seq=896,44.800000000
0,received,/prefix/seq=889,44.829119693
0,sent,/prefix/seq=897,44.850000000
0,received,/prefix/seq=891,44.886804521
0,sent,/prefix/seq=898,44.900000000
0,received,/prefix/seq=890,44.920306161
0,sent,/prefix/seq=899,44.950000000
0,received,/prefix/seq=892,44.978540927
0,sent,/prefix/seq=900,45.000000000
0,received,/prefix/seq=893,45.028680714
0,sent,/prefix/seq=901,45.050000000
0,received,/prefix/seq=895,45.086869386
0,sent,/prefix/seq=902,45.100000000
0,received,/prefix/seq=894,45.120746020
0,sent,/prefix/seq=903,45.150000000
0,received,/prefix/seq=896,45.178960988
0,sent,/prefix/seq=904,45.200000000
0,received,/prefix/seq=897,45.228908883
0,sent,/prefix/seq=905,45.250000000
0,received,/prefix/seq=899,45.287351480
0,sent,/prefix/seq=906,45.300000000
0,received,/prefix/seq=898,45.320290135
0,sent,/prefix/seq=907,45.350000000
0,received,/prefix/seq=900,45.378712096
0,sent,/prefix/seq=908,45.400000000
0,received,/prefix/seq=901,45.428593827
0,sent,/prefix/seq=909,45.450000000
0,received,/prefix/seq=903,45.487573122
0,sent,/prefix/seq=910,45.500000000
0,received,/prefix/seq=902,45.520747098
0,sent,/prefix/seq=911,45.550000000
0,received,/prefix/seq=904,45.578845105
0,sent,/prefix/seq=912,45.600000000
0,received,/prefix/seq=905,45.628761957
0,sent,/prefix/seq=913,45.650000000
0,received,/prefix/seq=907,45.686964159
0,sent,/prefix/seq=914,45.700000000
0,received,/prefix/seq=906,45.720440369
0,sent,/prefix/seq=915,45.750000000
0,received,/prefix/seq=908,45.778624941
0,sent,/prefix/seq=916,45.800000000
0,received,/prefix/seq=909,45.828544892
0,sent,/prefix/seq=917,45.850000000
0,received,/prefix/seq=911,45.887234031
0,sent,/prefix/seq=918,45.900000000
0,received,/prefix/seq=910,45.920558881
0,sent,/prefix/seq=919,45.950000000
0,received,/prefix/seq=912,45.979114880
0,sent,/prefix/seq=920,46.000000000
0,received,/prefix/seq=913,46.028929995
0,sent,/prefix/seq=921,46.050000000
0,received,/prefix/seq=915,46.087064348
0,sent,/prefix/seq=922,46.100000000
0,received,/prefix/seq=914,46.120885099
0,sent,/prefix/seq=923,46.150000000
0,received,/prefix/seq=916,46.179146934
0,sent,/prefix/seq=924,46.200000000
0,received,/prefix/seq=917,46.228639651
0,sent,/prefix/seq=925,46.250000000
0,received,/prefix/seq=919,46.286910726
0,sent,/prefix/seq=926,46.300000000
0,received,/prefix/seq=918,46.320915088
0,sent,/prefix/seq=927,46.350000000
0,received,/prefix/seq=920,46.378504677
0,sent,/prefix/seq=928,46.400000000
0,received,/prefix/seq=921,46.428633249
0,sent,/prefix/seq=929,46.450000000
0,received,/prefix/seq=923,46.486924271
0,sent,/prefix/seq=930,46.500000000
0,received,/prefix/seq=922,46.520260581
0,sent,/prefix/seq=931,46.550000000
0,received,/prefix/seq=924,46.578859296
0,sent,/prefix/seq=932,46.600000000
0,received,/prefix/seq=925,46.629218601
0,sent,/prefix/seq=933,46.650000000
0,received,/prefix/seq=927,46.686898951
0,sent,/prefix/seq=934,46.700000000
0,received,/prefix/seq=926,46.720338990
0,sent,/prefix/seq=935,46.750000000
0,received,/prefix/seq=928,46.778872818
0,sent,/prefix/seq=936,46.800000000
0,received,/prefix/seq=929,46.828841125
0,sent,/prefix/seq=937,46.850000000
0,received,/prefix/seq=931,46.887463580
0,sent,/prefix/seq=938,46.900000000
0,received,/prefix/seq=930,46.920795764
0,sent,/prefix/seq=939,46.950000000
0,received,/prefix/seq=932,46.978980286
0,sent,/prefix/seq=940,47.000000000
0,received,/prefix/seq=933,47.028954862
0,sent,/prefix/seq=941,47.050000000
0,received,/prefix/seq=935,47.086904058
0,sent,/prefix/seq=942,47.100000000
0,received,/prefix/seq=934,47.120782035
0,sent,/prefix/seq=943,47.150000000
0,received,/prefix/seq=936,47.178462153
0,sent,/prefix/seq=944,47.200000000
0,received,/prefix/seq=937,47.228634404
0,sent,/prefix/seq=945,47.250000000
0,received,/prefix/seq=939,47.286965761
0,sent,/prefix/seq=946,47.300000000
0,received,/prefix/seq=938,47.320413550
0,sent,/prefix/seq=947,47.350000000
0,received,/prefix/seq=940,47.378724629
0,sent,/prefix/seq=948,47.400000000
0,received,/prefix/seq=941,47.429184431
0,sent,/prefix/seq=949,47.450000000
0,received,/prefix/seq=943,47.486918176
0,sent,/prefix/seq=950,47.500000000
0,received,/prefix/seq=942,47.520745125
0,sent,/prefix/seq=951,47.550000000
0,received,/prefix/seq=944,47.578859759
0,sent,/prefix/seq=952,47.600000000
0,received,/prefix/seq=945,47.629042224
0,sent,/prefix/seq=953,47.650000000
0,received,/prefix/seq=947,47.687085360
0,sent,/prefix/seq=954,47.700000000
0,received,/prefix/seq=946,47.720527858
0,sent,/prefix/seq=955,47.750000000
0,received,/prefix/seq=948,47.779227208
0,sent,/prefix/seq=956,47.800000000
0,received,/prefix/seq=949,47.828854945
0,sent,/prefix/seq=957,47.850000000
0,received,/prefix/seq=951,47.886810552
0,sent,/prefix/seq=958,47.900000000
0,received,/prefix/seq=950,47.920541419
0,sent,/prefix/seq=959,47.950000000
0,received,/prefix/seq=952,47.979033528
0,sent,/prefix/seq=960,48.000000000
0,received,/prefix/seq=953,48.029014000
0,sent,/prefix/seq=961,48.050000000
0,received,/prefix/seq=955,48.086971490
0,sent,/prefix/seq=962,48.100000000
0,received,/prefix/seq=954,48.120280156
0,sent,/prefix/seq=963,48.150000000
0,received,/prefix/seq=956,48.178977935
0,sent,/prefix/seq=964,48.200000000
0,received,/prefix/seq=957,48.228831146
0,sent,/prefix/seq=965,48.250000000
0,received,/prefix/seq=959,48.286929419
0,sent,/prefix/seq=966,48.300000000
0,received,/prefix/seq=958,48.320415775
0,sent,/prefix/seq=967,48.350000000
0,received,/prefix/seq=960,48.379217604
0,sent,/prefix/seq=968,48.400000000
0,received,/prefix/seq=961,48.428623539
0,sent,/prefix/seq=969,48.450000000
0,received,/prefix/seq=963,48.487276557
0,sent,/prefix/seq=970,48.500000000
0,received,/prefix/seq=962,48.520138333
0,sent,/prefix/seq=971,48.550000000
0,received,/prefix/seq=964,48.579123735
0,sent,/prefix/seq=972,48.600000000
0,received,/prefix/seq=965,48.629132368
0,sent,/prefix/seq=973,48.650000000
0,received,/prefix/seq=967,48.687464555
0,sent,/prefix/seq=974,48.700000000
0,received,/prefix/seq=966,48.720725947
0,sent,/prefix/seq=975,48.750000000
0,received,/prefix/seq=968,48.778512105
0,sent,/prefix/seq=976,48.800000000
0,received,/prefix/seq=969,48.828551497
0,sent,/prefix/seq=977,48.850000000
0,received,/prefix/seq=971,48.887115401
0,sent,/prefix/seq=978,48.900000000
0,received,/prefix/seq=970,48.920175649
0,sent,/prefix/seq=979,48.950000000
0,received,/prefix/seq=972,48.978481262
0,sent,/prefix/seq=980,49.000000000
0,received,/prefix/seq=973,49.029132774
0,sent,/prefix/seq=981,49.050000000
0,received,/prefix/seq=975,49.087219687
0,sent,/prefix/seq=982,49.100000000
0,received,/prefix/seq=974,49.120578910
0,sent,/prefix/seq=983,49.150000000
0,received,/prefix/seq=976,49.178920331
0,sent,/prefix/seq=984,49.200000000
0,received,/prefix/seq=977,49.228518768
0,sent,/prefix/seq=985,49.250000000
0,received,/prefix/seq=979,49.287226206
0,sent,/prefix/seq=986,49.300000000
0,received,/prefix/seq=978,49.320850380
0,sent,/prefix/seq=987,49.350000000
0,received,/prefix/seq=980,49.378919046
0,sent,/prefix/seq=988,49.400000000
0,received,/prefix/seq=981,49.428803799
0,sent,/prefix/seq=989,49.450000000
0,received,/prefix/seq=983,49.487031241
0,sent,/prefix/seq=990,49.500000000
0,received,/prefix/seq=982,49.520582091
0,sent,/prefix/seq=991,49.550000000
0,received,/prefix/seq=984,49.578563133
0,sent,/prefix/seq=992,49.600000000
0,received,/prefix/seq=985,49.629074247
0,sent,/prefix/seq=993,49.650000000
0,received,/prefix/seq=987,49.687419735
0,sent,/prefix/seq=994,49.700000000
0,received,/prefix/seq=986,49.720548064
0,sent,/prefix/seq=995,49.750000000
0,received,/prefix/seq=988,49.778650726
0,sent,/prefix/seq=996,49.800000000
0,received,/prefix/seq=989,49.829175839
0,sent,/prefix/seq=997,49.850000000
0,received,/prefix/seq=991,49.886946997
0,sent,/prefix/seq=998,49.900000000
0,received,/prefix/seq=990,49.920894487
0,sent,/prefix/seq=999,49.950000000
0,received,/prefix/seq=992,49.978544712
