nodeid,event,name,time,server
0,sent,prefix/seq=1,0.050000000
0,sent,prefix/seq=2,0.100000000
0,sent,prefix/seq=3,0.150000000
0,sent,prefix/seq=4,0.200000000
0,sent,prefix/seq=5,0.250000000
0,received,prefix/seq=0,0.295410498
0,sent,prefix/seq=6,0.300000000
0,sent,prefix/seq=7,0.350000000
0,received,prefix/seq=2,0.395257202
0,sent,prefix/seq=8,0.400000000
0,sent,prefix/seq=9,0.450000000
0,sent,prefix/seq=10,0.500000000
0,received,prefix/seq=4,0.537461080
0,sent,prefix/seq=11,0.550000000
0,sent,prefix/seq=12,0.600000000
0,received,prefix/seq=6,0.636753187
0,received,prefix/seq=7,0.645361187
0,sent,prefix/seq=13,0.650000000
0,received,prefix/seq=1,0.692539619
0,sent,prefix/seq=14,0.700000000
0,received,prefix/seq=8,0.737427534
0,sent,prefix/seq=15,0.750000000
0,sent,prefix/seq=16,0.800000000
0,received,prefix/seq=10,0.837238117
0,sent,prefix/seq=17,0.850000000
0,sent,prefix/seq=18,0.900000000
0,received,prefix/seq=3,0.903543403
0,received,prefix/seq=11,0.928732606
0,sent,prefix/seq=19,0.950000000
0,received,prefix/seq=13,0.986767479
0,sent,prefix/seq=20,1.000000000
0,received,prefix/seq=14,1.037115176
0,sent,prefix/seq=21,1.050000000
0,sent,prefix/seq=22,1.100000000
0,received,prefix/seq=5,1.114493822
0,received,prefix/seq=15,1.129114667
0,sent,prefix/seq=23,1.150000000
0,received,prefix/seq=17,1.187399521
0,sent,prefix/seq=24,1.200000000
0,sent,prefix/seq=25,1.250000000
0,received,prefix/seq=18,1.279020186
0,received,prefix/seq=20,1.295386218
0,sent,prefix/seq=26,1.300000000
0,sent,prefix/seq=27,1.350000000
0,received,prefix/seq=21,1.387043444
0,sent,prefix/seq=28,1.400000000
0,received,prefix/seq=9,1.425667488
0,sent,prefix/seq=29,1.450000000
0,received,prefix/seq=23,1.487468381
0,sent,prefix/seq=30,1.500000000
0,received,prefix/seq=24,1.537143259
0,sent,prefix/seq=31,1.550000000
0,received,prefix/seq=25,1.586954788
0,sent,prefix/seq=32,1.600000000
0,sent,prefix/seq=33,1.650000000
0,received,prefix/seq=26,1.678651506
0,received,prefix/seq=12,1.687251506
0,received,prefix/seq=27,1.695859506
0,sent,prefix/seq=34,1.700000000
0,sent,prefix/seq=35,1.750000000
0,sent,prefix/seq=36,1.800000000
0,received,prefix/seq=29,1.828768665
0,sent,prefix/seq=37,1.850000000
0,received,prefix/seq=30,1.878471988
0,received,prefix/seq=16,1.887071988
0,received,prefix/seq=31,1.895679988
0,sent,prefix/seq=38,1.900000000
0,sent,prefix/seq=39,1.950000000
0,received,prefix/seq=32,1.979036728
0,sent,prefix/seq=40,2.000000000
0,received,prefix/seq=33,2.028655857
0,received,prefix/seq=19,2.037255857
0,sent,prefix/seq=41,2.050000000
0,sent,prefix/seq=42,2.100000000
0,received,prefix/seq=35,2.128957808
0,received,prefix/seq=36,2.137565808
0,sent,prefix/seq=43,2.150000000
0,received,prefix/seq=22,2.186822529
0,sent,prefix/seq=44,2.200000000
0,received,prefix/seq=37,2.228630463
0,sent,prefix/seq=45,2.250000000
0,received,prefix/seq=39,2.286876768
0,sent,prefix/seq=46,2.300000000
0,sent,prefix/seq=47,2.350000000
0,received,prefix/seq=40,2.378693062
0,sent,prefix/seq=48,2.400000000
0,received,prefix/seq=42,2.437202708
0,sent,prefix/seq=49,2.450000000
0,received,prefix/seq=28,2.487228709
0,received,prefix/seq=43,2.495836709
0,sent,prefix/seq=50,2.500000000
0,sent,prefix/seq=51,2.550000000
0,received,prefix/seq=44,2.578950682
0,sent,prefix/seq=52,2.600000000
0,received,prefix/seq=46,2.637202902
0,sent,prefix/seq=53,2.650000000
0,sent,prefix/seq=54,2.700000000
0,received,prefix/seq=47,2.728476925
0,received,prefix/seq=48,2.737437405
0,sent,prefix/seq=55,2.750000000
0,received,prefix/seq=34,2.786926609
0,sent,prefix/seq=56,2.800000000
0,received,prefix/seq=49,2.828683088
0,sent,prefix/seq=57,2.850000000
0,sent,prefix/seq=58,2.900000000
0,received,prefix/seq=51,2.928616956
0,received,prefix/seq=52,2.937319866
0,sent,prefix/seq=59,2.950000000
0,received,prefix/seq=38,2.986734419
0,sent,prefix/seq=60,3.000000000
0,received,prefix/seq=53,3.029021384
0,sent,prefix/seq=61,3.050000000
0,received,prefix/seq=54,3.078545337
0,sent,prefix/seq=62,3.100000000
0,received,prefix/seq=55,3.128589792
0,received,prefix/seq=41,3.137232536
0,sent,prefix/seq=63,3.150000000
0,received,prefix/seq=57,3.187123509
0,sent,prefix/seq=64,3.200000000
0,sent,prefix/seq=65,3.250000000
0,received,prefix/seq=58,3.279061529
0,received,prefix/seq=59,3.287669529
0,sent,prefix/seq=66,3.300000000
0,received,prefix/seq=45,3.336753884
0,sent,prefix/seq=67,3.350000000
0,sent,prefix/seq=68,3.400000000
0,received,prefix/seq=61,3.429126850
0,received,prefix/seq=62,3.437734850
0,sent,prefix/seq=69,3.450000000
0,sent,prefix/seq=70,3.500000000
0,received,prefix/seq=64,3.536909373
0,sent,prefix/seq=71,3.550000000
0,received,prefix/seq=65,3.586742696
0,received,prefix/seq=50,3.595342696
0,sent,prefix/seq=72,3.600000000
0,sent,prefix/seq=73,3.650000000
0,received,prefix/seq=66,3.678733377
0,sent,prefix/seq=74,3.700000000
0,received,prefix/seq=68,3.736966493
0,sent,prefix/seq=75,3.750000000
0,sent,prefix/seq=76,3.800000000
0,received,prefix/seq=69,3.828751796
0,sent,prefix/seq=77,3.850000000
0,received,prefix/seq=70,3.878962042
0,received,prefix/seq=56,3.887562042
0,received,prefix/seq=71,3.896170042
0,sent,prefix/seq=78,3.900000000
0,sent,prefix/seq=79,3.950000000
0,sent,prefix/seq=80,4.000000000
0,received,prefix/seq=73,4.028624750
0,received,prefix/seq=74,4.037232750
0,sent,prefix/seq=81,4.050000000
0,received,prefix/seq=60,4.087461507
0,sent,prefix/seq=82,4.100000000
0,received,prefix/seq=75,4.129012348
0,received,prefix/seq=76,4.137620348
0,sent,prefix/seq=83,4.150000000
0,sent,prefix/seq=84,4.200000000
0,received,prefix/seq=63,4.237291569
0,sent,prefix/seq=85,4.250000000
0,received,prefix/seq=78,4.279082606
0,sent,prefix/seq=86,4.300000000
0,received,prefix/seq=79,4.328560039
0,sent,prefix/seq=87,4.350000000
0,received,prefix/seq=80,4.378613780
0,received,prefix/seq=81,4.387221780
0,sent,prefix/seq=88,4.400000000
0,received,prefix/seq=67,4.437134607
0,sent,prefix/seq=89,4.450000000
0,sent,prefix/seq=90,4.500000000
0,received,prefix/seq=83,4.529193646
0,sent,prefix/seq=91,4.550000000
0,received,prefix/seq=84,4.578605511
0,sent,prefix/seq=92,4.600000000
0,received,prefix/seq=86,4.636910105
0,sent,prefix/seq=93,4.650000000
0,received,prefix/seq=72,4.686777666
0,received,prefix/seq=87,4.695385666
0,sent,prefix/seq=94,4.700000000
0,sent,prefix/seq=95,4.750000000
0,received,prefix/seq=88,4.778492508
0,sent,prefix/seq=96,4.800000000
0,sent,prefix/seq=97,4.850000000
0,received,prefix/seq=90,4.879177231
0,received,prefix/seq=91,4.887785231
0,sent,prefix/seq=98,4.900000000
0,received,prefix/seq=77,4.937446692
0,sent,prefix/seq=99,4.950000000
0,received,prefix/seq=92,4.979151817
0,received,prefix/seq=93,4.987759817
0,sent,prefix/seq=100,5.000000000
0,sent,prefix/seq=101,5.050000000
0,sent,prefix/seq=102,5.100000000
0,received,prefix/seq=95,5.128521190
0,sent,prefix/seq=103,5.150000000
0,received,prefix/seq=96,5.178972015
0,received,prefix/seq=82,5.187572015
0,sent,prefix/seq=104,5.200000000
0,received,prefix/seq=98,5.236873628
0,sent,prefix/seq=105,5.250000000
0,received,prefix/seq=99,5.287273130
0,sent,prefix/seq=106,5.300000000
0,received,prefix/seq=85,5.337218332
0,sent,prefix/seq=107,5.350000000
0,received,prefix/seq=100,5.379198508
0,sent,prefix/seq=108,5.400000000
0,received,prefix/seq=101,5.428885425
0,sent,prefix/seq=109,5.450000000
0,received,prefix/seq=102,5.478695173
0,sent,prefix/seq=110,5.500000000
0,received,prefix/seq=89,5.536740967
0,sent,prefix/seq=111,5.550000000
0,received,prefix/seq=104,5.578947090
0,received,prefix/seq=105,5.587555090
0,sent,prefix/seq=112,5.600000000
0,sent,prefix/seq=113,5.650000000
0,received,prefix/seq=106,5.679179186
0,sent,prefix/seq=114,5.700000000
0,received,prefix/seq=108,5.737502556
0,sent,prefix/seq=115,5.750000000
0,received,prefix/seq=94,5.787322918
0,sent,prefix/seq=116,5.800000000
0,received,prefix/seq=109,5.829109878
0,sent,prefix/seq=117,5.850000000
0,received,prefix/seq=110,5.878628711
0,sent,prefix/seq=118,5.900000000
0,sent,prefix/seq=119,5.950000000
0,received,prefix/seq=112,5.978516991
0,received,prefix/seq=113,5.987346171
0,sent,prefix/seq=120,6.000000000
0,sent,prefix/seq=121,6.050000000
0,received,prefix/seq=114,6.078886257
0,sent,prefix/seq=122,6.100000000
0,received,prefix/seq=103,6.126109618
0,received,prefix/seq=115,6.134717618
0,sent,prefix/seq=123,6.150000000
0,sent,prefix/seq=124,6.200000000
0,received,prefix/seq=117,6.228588589
0,sent,prefix/seq=125,6.250000000
0,received,prefix/seq=118,6.278674076
0,sent,prefix/seq=126,6.300000000
0,received,prefix/seq=107,6.325950994
0,received,prefix/seq=119,6.334558994
0,sent,prefix/seq=127,6.350000000
0,received,prefix/seq=120,6.378674430
0,sent,prefix/seq=128,6.400000000
0,sent,prefix/seq=129,6.450000000
0,received,prefix/seq=122,6.478610597
0,sent,prefix/seq=130,6.500000000
0,received,prefix/seq=111,6.525720817
0,received,prefix/seq=123,6.534328817
0,sent,prefix/seq=131,6.550000000
0,received,prefix/seq=124,6.578644193
0,sent,prefix/seq=132,6.600000000
0,received,prefix/seq=125,6.629173249
0,sent,prefix/seq=133,6.650000000
0,sent,prefix/seq=134,6.700000000
0,received,prefix/seq=127,6.728758716
0,sent,prefix/seq=135,6.750000000
0,received,prefix/seq=116,6.775609905
0,received,prefix/seq=128,6.784217905
0,sent,prefix/seq=136,6.800000000
0,received,prefix/seq=129,6.828646326
0,sent,prefix/seq=137,6.850000000
0,sent,prefix/seq=138,6.900000000
0,received,prefix/seq=131,6.928930439
0,received,prefix/seq=132,6.937538439
0,sent,prefix/seq=139,6.950000000
0,sent,prefix/seq=140,7.000000000
0,received,prefix/seq=121,7.025897265
0,received,prefix/seq=133,7.034505265
0,sent,prefix/seq=141,7.050000000
0,received,prefix/seq=134,7.078635169
0,sent,prefix/seq=142,7.100000000
0,sent,prefix/seq=143,7.150000000
0,received,prefix/seq=136,7.178486941
0,sent,prefix/seq=144,7.200000000
0,received,prefix/seq=137,7.228607688
0,sent,prefix/seq=145,7.250000000
0,received,prefix/seq=126,7.275710919
0,sent,prefix/seq=146,7.300000000
0,received,prefix/seq=139,7.328449497
0,received,prefix/seq=140,7.337057497
0,sent,prefix/seq=147,7.350000000
0,sent,prefix/seq=148,7.400000000
0,received,prefix/seq=141,7.428633657
0,sent,prefix/seq=149,7.450000000
0,received,prefix/seq=130,7.475690068
0,sent,prefix/seq=150,7.500000000
0,received,prefix/seq=143,7.528621223
0,received,prefix/seq=144,7.537229223
0,sent,prefix/seq=151,7.550000000
0,sent,prefix/seq=152,7.600000000
0,received,prefix/seq=146,7.637051861
0,sent,prefix/seq=153,7.650000000
0,received,prefix/seq=147,7.686778177
0,sent,prefix/seq=154,7.700000000
0,received,prefix/seq=135,7.726063730
0,sent,prefix/seq=155,7.750000000
0,received,prefix/seq=148,7.778426939
0,sent,prefix/seq=156,7.800000000
0,received,prefix/seq=150,7.837011543
0,sent,prefix/seq=157,7.850000000
0,sent,prefix/seq=158,7.900000000
0,received,prefix/seq=151,7.928694702
0,received,prefix/seq=152,7.937302702
0,sent,prefix/seq=159,7.950000000
0,received,prefix/seq=138,7.986720946
0,sent,prefix/seq=160,8.000000000
0,received,prefix/seq=153,8.028882141
0,sent,prefix/seq=161,8.050000000
0,sent,prefix/seq=162,8.100000000
0,received,prefix/seq=155,8.128715838
0,received,prefix/seq=156,8.137323838
0,sent,prefix/seq=163,8.150000000
0,received,prefix/seq=142,8.186874759
0,sent,prefix/seq=164,8.200000000
0,received,prefix/seq=157,8.229099846
0,sent,prefix/seq=165,8.250000000
0,received,prefix/seq=158,8.279067888
0,sent,prefix/seq=166,8.300000000
0,received,prefix/seq=159,8.328580655
0,received,prefix/seq=145,8.337354350
0,sent,prefix/seq=167,8.350000000
0,received,prefix/seq=161,8.387486401
0,sent,prefix/seq=168,8.400000000
0,sent,prefix/seq=169,8.450000000
0,received,prefix/seq=162,8.479104427
0,received,prefix/seq=163,8.487712427
0,sent,prefix/seq=170,8.500000000
0,received,prefix/seq=149,8.537295270
0,sent,prefix/seq=171,8.550000000
0,sent,prefix/seq=172,8.600000000
0,received,prefix/seq=165,8.628532929
0,received,prefix/seq=166,8.637250096
0,sent,prefix/seq=173,8.650000000
0,sent,prefix/seq=174,8.700000000
0,received,prefix/seq=168,8.737067284
0,sent,prefix/seq=175,8.750000000
0,received,prefix/seq=169,8.787255042
0,received,prefix/seq=154,8.795855042
0,sent,prefix/seq=176,8.800000000
0,sent,prefix/seq=177,8.850000000
0,received,prefix/seq=170,8.878849858
0,sent,prefix/seq=178,8.900000000
0,received,prefix/seq=172,8.937482031
0,sent,prefix/seq=179,8.950000000
0,sent,prefix/seq=180,9.000000000
0,received,prefix/seq=173,9.029008617
0,sent,prefix/seq=181,9.050000000
0,received,prefix/seq=174,9.079052740
0,received,prefix/seq=160,9.087652740
0,received,prefix/seq=175,9.096260740
0,sent,prefix/seq=182,9.100000000
0,sent,prefix/seq=183,9.150000000
0,sent,prefix/seq=184,9.200000000
0,received,prefix/seq=177,9.228564601
0,received,prefix/seq=178,9.237172601
0,sent,prefix/seq=185,9.250000000
0,received,prefix/seq=164,9.287036086
0,sent,prefix/seq=186,9.300000000
0,received,prefix/seq=179,9.328867239
0,sent,prefix/seq=187,9.350000000
0,received,prefix/seq=181,9.387477204
0,sent,prefix/seq=188,9.400000000
0,received,prefix/seq=167,9.437116361
0,sent,prefix/seq=189,9.450000000
0,received,prefix/seq=182,9.478691579
0,sent,prefix/seq=190,9.500000000
0,received,prefix/seq=183,9.529155275
0,sent,prefix/seq=191,9.550000000
0,received,prefix/seq=184,9.578415517
0,received,prefix/seq=185,9.587500387
0,sent,prefix/seq=192,9.600000000
0,received,prefix/seq=171,9.637147517
0,sent,prefix/seq=193,9.650000000
0,sent,prefix/seq=194,9.700000000
0,received,prefix/seq=187,9.728724689
0,sent,prefix/seq=195,9.750000000
0,received,prefix/seq=188,9.778809110
0,sent,prefix/seq=196,9.800000000
0,received,prefix/seq=190,9.836919243
0,sent,prefix/seq=197,9.850000000
0,received,prefix/seq=176,9.887156300
0,received,prefix/seq=191,9.895764300
0,sent,prefix/seq=198,9.900000000
0,sent,prefix/seq=199,9.950000000
0,received,prefix/seq=192,9.978968440
0,sent,prefix/seq=200,10.000000000
0,sent,prefix/seq=201,10.050000000
0,received,prefix/seq=194,10.078880859
0,received,prefix/seq=195,10.087488859
0,sent,prefix/seq=202,10.100000000
0,sent,prefix/seq=203,10.150000000
0,received,prefix/seq=196,10.178852396
0,received,prefix/seq=197,10.187460396
0,sent,prefix/seq=204,10.200000000
0,sent,prefix/seq=205,10.250000000
0,received,prefix/seq=186,10.276140645
0,sent,prefix/seq=206,10.300000000
0,received,prefix/seq=199,10.328452757
0,sent,prefix/seq=207,10.350000000
0,received,prefix/seq=200,10.378534406
0,sent,prefix/seq=208,10.400000000
0,received,prefix/seq=189,10.426033824
0,received,prefix/seq=202,10.437229282
0,sent,prefix/seq=209,10.450000000
0,received,prefix/seq=203,10.487299255
0,sent,prefix/seq=210,10.500000000
0,sent,prefix/seq=211,10.550000000
0,received,prefix/seq=204,10.579186864
0,sent,prefix/seq=212,10.600000000
0,received,prefix/seq=193,10.625730533
0,received,prefix/seq=205,10.634338533
0,sent,prefix/seq=213,10.650000000
0,received,prefix/seq=206,10.678811996
0,sent,prefix/seq=214,10.700000000
0,received,prefix/seq=207,10.729162057
0,sent,prefix/seq=215,10.750000000
0,sent,prefix/seq=216,10.800000000
0,received,prefix/seq=209,10.828969930
0,sent,prefix/seq=217,10.850000000
0,received,prefix/seq=198,10.875928013
0,received,prefix/seq=210,10.884536013
0,sent,prefix/seq=218,10.900000000
0,received,prefix/seq=212,10.937240468
0,sent,prefix/seq=219,10.950000000
0,sent,prefix/seq=220,11.000000000
0,received,prefix/seq=213,11.028660339
0,received,prefix/seq=214,11.037268339
0,sent,prefix/seq=221,11.050000000
0,sent,prefix/seq=222,11.100000000
0,received,prefix/seq=215,11.128915985
0,received,prefix/seq=201,11.137515985
0,sent,prefix/seq=223,11.150000000
0,sent,prefix/seq=224,11.200000000
0,received,prefix/seq=217,11.228483136
0,sent,prefix/seq=225,11.250000000
0,received,prefix/seq=218,11.278434007
0,sent,prefix/seq=226,11.300000000
0,received,prefix/seq=219,11.329023169
0,sent,prefix/seq=227,11.350000000
0,received,prefix/seq=208,11.376336421
0,received,prefix/seq=220,11.384944421
0,sent,prefix/seq=228,11.400000000
0,received,prefix/seq=222,11.437132934
0,sent,prefix/seq=229,11.450000000
0,sent,prefix/seq=230,11.500000000
0,received,prefix/seq=211,11.525996994
0,received,prefix/seq=224,11.537072227
0,sent,prefix/seq=231,11.550000000
0,sent,prefix/seq=232,11.600000000
0,received,prefix/seq=225,11.628473793
0,received,prefix/seq=226,11.637081793
0,sent,prefix/seq=233,11.650000000
0,sent,prefix/seq=234,11.700000000
0,received,prefix/seq=228,11.737407581
0,sent,prefix/seq=235,11.750000000
0,received,prefix/seq=216,11.775818948
0,sent,prefix/seq=236,11.800000000
0,received,prefix/seq=229,11.828809997
0,sent,prefix/seq=237,11.850000000
0,received,prefix/seq=231,11.887535320
0,sent,prefix/seq=238,11.900000000
0,received,prefix/seq=232,11.937181496
0,sent,prefix/seq=239,11.950000000
0,sent,prefix/seq=240,12.000000000
0,received,prefix/seq=233,12.028919995
0,received,prefix/seq=234,12.037527995
0,sent,prefix/seq=241,12.050000000
0,sent,prefix/seq=242,12.100000000
0,received,prefix/seq=221,12.136922583
0,sent,prefix/seq=243,12.150000000
0,received,prefix/seq=236,12.178411228
0,sent,prefix/seq=244,12.200000000
0,received,prefix/seq=237,12.228566571
0,received,prefix/seq=223,12.237166571
0,received,prefix/seq=238,12.245774571
0,sent,prefix/seq=245,12.250000000
0,sent,prefix/seq=246,12.300000000
0,received,prefix/seq=239,12.329142760
0,sent,prefix/seq=247,12.350000000
0,sent,prefix/seq=248,12.400000000
0,received,prefix/seq=241,12.429129834
0,received,prefix/seq=227,12.437729834
0,sent,prefix/seq=249,12.450000000
0,received,prefix/seq=242,12.478752510
0,received,prefix/seq=243,12.487360510
0,sent,prefix/seq=250,12.500000000
0,sent,prefix/seq=251,12.550000000
0,received,prefix/seq=244,12.578830302
0,received,prefix/seq=230,12.587430302
0,sent,prefix/seq=252,12.600000000
0,received,prefix/seq=246,12.637408911
0,sent,prefix/seq=253,12.650000000
0,sent,prefix/seq=254,12.700000000
0,received,prefix/seq=247,12.728539620
0,sent,prefix/seq=255,12.750000000
0,received,prefix/seq=249,12.787485381
0,sent,prefix/seq=256,12.800000000
0,received,prefix/seq=250,12.836900293
0,received,prefix/seq=235,12.845500293
0,sent,prefix/seq=257,12.850000000
0,sent,prefix/seq=258,12.900000000
0,received,prefix/seq=251,12.929036744
0,received,prefix/seq=253,12.945440210
0,sent,prefix/seq=259,12.950000000
0,sent,prefix/seq=260,13.000000000
0,received,prefix/seq=254,13.036963011
0,sent,prefix/seq=261,13.050000000
0,sent,prefix/seq=262,13.100000000
0,received,prefix/seq=255,13.129124631
0,sent,prefix/seq=263,13.150000000
0,received,prefix/seq=256,13.179153770
0,sent,prefix/seq=264,13.200000000
0,received,prefix/seq=245,13.226204405
0,received,prefix/seq=258,13.237586171
0,sent,prefix/seq=265,13.250000000
0,sent,prefix/seq=266,13.300000000
0,received,prefix/seq=259,13.329131727
0,received,prefix/seq=260,13.337747727
0,sent,prefix/seq=267,13.350000000
0,received,prefix/seq=248,13.375618464
0,sent,prefix/seq=268,13.400000000
0,received,prefix/seq=261,13.428856168
0,sent,prefix/seq=269,13.450000000
0,received,prefix/seq=263,13.486941038
0,sent,prefix/seq=270,13.500000000
0,sent,prefix/seq=271,13.550000000
0,received,prefix/seq=252,13.576055675
0,received,prefix/seq=264,13.584671675
0,sent,prefix/seq=272,13.600000000
0,received,prefix/seq=265,13.628869102
0,sent,prefix/seq=273,13.650000000
0,sent,prefix/seq=274,13.700000000
0,received,prefix/seq=267,13.728919358
0,received,prefix/seq=268,13.737535358
0,sent,prefix/seq=275,13.750000000
0,sent,prefix/seq=276,13.800000000
0,received,prefix/seq=257,13.825943026
0,received,prefix/seq=269,13.834559026
0,sent,prefix/seq=277,13.850000000
0,received,prefix/seq=270,13.878496442
0,sent,prefix/seq=278,13.900000000
0,sent,prefix/seq=279,13.950000000
0,received,prefix/seq=272,13.979245351
0,sent,prefix/seq=280,14.000000000
0,received,prefix/seq=273,14.028842285
0,sent,prefix/seq=281,14.050000000
0,received,prefix/seq=275,14.087202319
0,sent,prefix/seq=282,14.100000000
0,sent,prefix/seq=283,14.150000000
0,received,prefix/seq=276,14.178641801
0,received,prefix/seq=277,14.187340200
0,received,prefix/seq=262,14.195948200
0,sent,prefix/seq=284,14.200000000
0,sent,prefix/seq=285,14.250000000
0,received,prefix/seq=266,14.276360502
0,received,prefix/seq=278,14.284976502
0,sent,prefix/seq=286,14.300000000
0,sent,prefix/seq=287,14.350000000
0,received,prefix/seq=280,14.378952247
0,sent,prefix/seq=288,14.400000000
0,received,prefix/seq=281,14.429162231
0,sent,prefix/seq=289,14.450000000
0,received,prefix/seq=282,14.478485453
0,sent,prefix/seq=290,14.500000000
0,received,prefix/seq=271,14.526007979
0,received,prefix/seq=283,14.534623979
0,sent,prefix/seq=291,14.550000000
0,sent,prefix/seq=292,14.600000000
0,received,prefix/seq=286,14.636854331
0,sent,prefix/seq=293,14.650000000
0,received,prefix/seq=287,14.686961544
0,sent,prefix/seq=294,14.700000000
0,sent,prefix/seq=295,14.750000000
0,received,prefix/seq=288,14.778998602
0,received,prefix/seq=274,14.787606602
0,received,prefix/seq=289,14.796222602
0,sent,prefix/seq=296,14.800000000
0,sent,prefix/seq=297,14.850000000
0,received,prefix/seq=290,14.878505271
0,sent,prefix/seq=298,14.900000000
0,received,prefix/seq=292,14.937254003
0,sent,prefix/seq=299,14.950000000
0,sent,prefix/seq=300,15.000000000
0,received,prefix/seq=293,15.029206378
0,received,prefix/seq=279,15.037814378
0,sent,prefix/seq=301,15.050000000
0,received,prefix/seq=294,15.078509357
0,sent,prefix/seq=302,15.100000000
0,received,prefix/seq=296,15.137154147
0,sent,prefix/seq=303,15.150000000
0,received,prefix/seq=284,15.175927330
0,sent,prefix/seq=304,15.200000000
0,received,prefix/seq=297,15.229216970
0,received,prefix/seq=298,15.237832970
0,sent,prefix/seq=305,15.250000000
0,sent,prefix/seq=306,15.300000000
0,received,prefix/seq=299,15.329239810
0,received,prefix/seq=285,15.337847810
0,sent,prefix/seq=307,15.350000000
0,sent,prefix/seq=308,15.400000000
0,received,prefix/seq=301,15.428670135
0,sent,prefix/seq=309,15.450000000
0,received,prefix/seq=302,15.478794900
0,sent,prefix/seq=310,15.500000000
0,received,prefix/seq=304,15.537391087
0,sent,prefix/seq=311,15.550000000
0,sent,prefix/seq=312,15.600000000
0,received,prefix/seq=305,15.628678188
0,received,prefix/seq=306,15.637294188
0,received,prefix/seq=291,15.645902188
0,sent,prefix/seq=313,15.650000000
0,sent,prefix/seq=314,15.700000000
0,received,prefix/seq=308,15.737563721
0,sent,prefix/seq=315,15.750000000
0,sent,prefix/seq=316,15.800000000
0,received,prefix/seq=309,15.828636761
0,received,prefix/seq=310,15.837252761
0,received,prefix/seq=295,15.845860761
0,sent,prefix/seq=317,15.850000000
0,sent,prefix/seq=318,15.900000000
0,received,prefix/seq=311,15.928927968
0,sent,prefix/seq=319,15.950000000
0,received,prefix/seq=312,15.978544326
0,sent,prefix/seq=320,16.000000000
0,sent,prefix/seq=321,16.050000000
0,received,prefix/seq=314,16.079076335
0,received,prefix/seq=300,16.087684335
0,sent,prefix/seq=322,16.100000000
0,received,prefix/seq=315,16.128818767
0,sent,prefix/seq=323,16.150000000
0,received,prefix/seq=316,16.178930182
0,sent,prefix/seq=324,16.200000000
0,received,prefix/seq=303,16.236784504
0,received,prefix/seq=318,16.245400504
0,sent,prefix/seq=325,16.250000000
0,sent,prefix/seq=326,16.300000000
0,received,prefix/seq=319,16.328674117
0,sent,prefix/seq=327,16.350000000
0,received,prefix/seq=320,16.379207167
0,sent,prefix/seq=328,16.400000000
0,received,prefix/seq=322,16.436909103
0,received,prefix/seq=307,16.445517103
0,sent,prefix/seq=329,16.450000000
0,sent,prefix/seq=330,16.500000000
0,received,prefix/seq=323,16.528873170
0,received,prefix/seq=324,16.537489170
0,sent,prefix/seq=331,16.550000000
0,sent,prefix/seq=332,16.600000000
0,sent,prefix/seq=333,16.650000000
0,received,prefix/seq=326,16.678582171
0,received,prefix/seq=327,16.687198171
0,sent,prefix/seq=334,16.700000000
0,received,prefix/seq=313,16.736985717
0,sent,prefix/seq=335,16.750000000
0,received,prefix/seq=328,16.778592763
0,sent,prefix/seq=336,16.800000000
0,received,prefix/seq=330,16.836879251
0,sent,prefix/seq=337,16.850000000
0,sent,prefix/seq=338,16.900000000
0,received,prefix/seq=331,16.928622583
0,received,prefix/seq=317,16.937451999
0,sent,prefix/seq=339,16.950000000
0,received,prefix/seq=332,16.978971332
0,sent,prefix/seq=340,17.000000000
0,received,prefix/seq=333,17.028886151
0,sent,prefix/seq=341,17.050000000
0,received,prefix/seq=334,17.078643087
0,sent,prefix/seq=342,17.100000000
0,received,prefix/seq=321,17.137352249
0,sent,prefix/seq=343,17.150000000
0,received,prefix/seq=336,17.179109672
0,sent,prefix/seq=344,17.200000000
0,received,prefix/seq=337,17.229077910
0,sent,prefix/seq=345,17.250000000
0,received,prefix/seq=338,17.278764641
0,sent,prefix/seq=346,17.300000000
0,received,prefix/seq=325,17.336939794
0,sent,prefix/seq=347,17.350000000
0,received,prefix/seq=340,17.378460004
0,received,prefix/seq=341,17.387288906
0,sent,prefix/seq=348,17.400000000
0,sent,prefix/seq=349,17.450000000
0,received,prefix/seq=342,17.478758695
0,sent,prefix/seq=350,17.500000000
0,received,prefix/seq=329,17.537065197
0,received,prefix/seq=344,17.545681197
0,sent,prefix/seq=351,17.550000000
0,sent,prefix/seq=352,17.600000000
0,received,prefix/seq=345,17.628580363
0,sent,prefix/seq=353,17.650000000
0,received,prefix/seq=346,17.678913763
0,sent,prefix/seq=354,17.700000000
0,sent,prefix/seq=355,17.750000000
0,received,prefix/seq=348,17.778468362
0,received,prefix/seq=349,17.787084362
0,sent,prefix/seq=356,17.800000000
0,received,prefix/seq=335,17.837083753
0,sent,prefix/seq=357,17.850000000
0,received,prefix/seq=350,17.879072255
0,sent,prefix/seq=358,17.900000000
0,sent,prefix/seq=359,17.950000000
0,received,prefix/seq=352,17.979239658
0,received,prefix/seq=353,17.987855658
0,sent,prefix/seq=360,18.000000000
0,received,prefix/seq=339,18.037394727
0,sent,prefix/seq=361,18.050000000
0,received,prefix/seq=354,18.078839365
0,sent,prefix/seq=362,18.100000000
0,received,prefix/seq=355,18.128979618
0,sent,prefix/seq=363,18.150000000
0,received,prefix/seq=356,18.178569152
0,sent,prefix/seq=364,18.200000000
0,received,prefix/seq=343,18.236858996
0,received,prefix/seq=358,18.245474996
0,sent,prefix/seq=365,18.250000000
0,sent,prefix/seq=366,18.300000000
0,sent,prefix/seq=367,18.350000000
0,received,prefix/seq=360,18.378707249
0,received,prefix/seq=361,18.387323249
0,sent,prefix/seq=368,18.400000000
0,received,prefix/seq=347,18.437162138
0,sent,prefix/seq=369,18.450000000
0,received,prefix/seq=362,18.479176977
0,received,prefix/seq=363,18.487792977
0,sent,prefix/seq=370,18.500000000
0,sent,prefix/seq=371,18.550000000
0,received,prefix/seq=364,18.578984733
0,sent,prefix/seq=372,18.600000000
0,received,prefix/seq=351,18.637530195
0,sent,prefix/seq=373,18.650000000
0,received,prefix/seq=366,18.679063586
0,sent,prefix/seq=374,18.700000000
0,received,prefix/seq=367,18.728504486
0,sent,prefix/seq=375,18.750000000
0,received,prefix/seq=368,18.778663467
0,sent,prefix/seq=376,18.800000000
0,received,prefix/seq=370,18.837147794
0,sent,prefix/seq=377,18.850000000
0,sent,prefix/seq=378,18.900000000
0,received,prefix/seq=371,18.928494194
0,received,prefix/seq=372,18.937225499
0,received,prefix/seq=357,18.945833499
0,sent,prefix/seq=379,18.950000000
0,sent,prefix/seq=380,19.000000000
0,sent,prefix/seq=381,19.050000000
0,received,prefix/seq=374,19.078798222
0,received,prefix/seq=375,19.087414222
0,sent,prefix/seq=382,19.100000000
0,sent,prefix/seq=383,19.150000000
0,received,prefix/seq=376,19.179237990
0,sent,prefix/seq=384,19.200000000
0,received,prefix/seq=365,19.226006683
0,received,prefix/seq=377,19.234622683
0,sent,prefix/seq=385,19.250000000
0,received,prefix/seq=378,19.278646259
0,sent,prefix/seq=386,19.300000000
0,sent,prefix/seq=387,19.350000000
0,received,prefix/seq=380,19.378937614
0,sent,prefix/seq=388,19.400000000
0,received,prefix/seq=369,19.426085051
0,received,prefix/seq=381,19.434701051
0,sent,prefix/seq=389,19.450000000
0,received,prefix/seq=382,19.478653717
0,sent,prefix/seq=390,19.500000000
0,received,prefix/seq=384,19.537161325
0,sent,prefix/seq=391,19.550000000
0,sent,prefix/seq=392,19.600000000
0,received,prefix/seq=373,19.625713589
0,received,prefix/seq=385,19.634329589
0,received,prefix/seq=386,19.642945589
0,sent,prefix/seq=393,19.650000000
0,sent,prefix/seq=394,19.700000000
0,sent,prefix/seq=395,19.750000000
0,received,prefix/seq=388,19.778706894
0,received,prefix/seq=389,19.787334044
0,sent,prefix/seq=396,19.800000000
0,sent,prefix/seq=397,19.850000000
0,received,prefix/seq=390,19.879184002
0,sent,prefix/seq=398,19.900000000
0,received,prefix/seq=379,19.926034350
0,received,prefix/seq=391,19.934650350
0,sent,prefix/seq=399,19.950000000
0,sent,prefix/seq=400,20.000000000
0,received,prefix/seq=393,20.029106312
0,sent,prefix/seq=401,20.050000000
0,received,prefix/seq=394,20.078579974
0,sent,prefix/seq=402,20.100000000
0,received,prefix/seq=383,20.126102031
0,received,prefix/seq=395,20.134718031
0,sent,prefix/seq=403,20.150000000
0,received,prefix/seq=396,20.178660107
0,sent,prefix/seq=404,20.200000000
0,sent,prefix/seq=405,20.250000000
0,received,prefix/seq=398,20.278793996
0,sent,prefix/seq=406,20.300000000
0,received,prefix/seq=387,20.325751165
0,received,prefix/seq=399,20.334367165
0,sent,prefix/seq=407,20.350000000
0,received,prefix/seq=401,20.387487124
0,sent,prefix/seq=408,20.400000000
0,sent,prefix/seq=409,20.450000000
0,received,prefix/seq=402,20.478908434
0,received,prefix/seq=403,20.487524434
0,sent,prefix/seq=410,20.500000000
0,sent,prefix/seq=411,20.550000000
0,received,prefix/seq=392,20.576212333
0,sent,prefix/seq=412,20.600000000
0,received,prefix/seq=405,20.629251990
0,received,prefix/seq=406,20.637867990
0,sent,prefix/seq=413,20.650000000
0,sent,prefix/seq=414,20.700000000
0,received,prefix/seq=408,20.737254575
0,sent,prefix/seq=415,20.750000000
0,received,prefix/seq=409,20.787515976
0,sent,prefix/seq=416,20.800000000
0,received,prefix/seq=397,20.826387115
0,sent,prefix/seq=417,20.850000000
0,received,prefix/seq=410,20.878779275
0,sent,prefix/seq=418,20.900000000
0,received,prefix/seq=412,20.937104309
0,sent,prefix/seq=419,20.950000000
0,sent,prefix/seq=420,21.000000000
0,received,prefix/seq=413,21.028978325
0,sent,prefix/seq=421,21.050000000
0,received,prefix/seq=414,21.079053331
0,received,prefix/seq=400,21.087661331
0,received,prefix/seq=415,21.096277331
0,sent,prefix/seq=422,21.100000000
0,sent,prefix/seq=423,21.150000000
0,sent,prefix/seq=424,21.200000000
0,received,prefix/seq=417,21.229087172
0,received,prefix/seq=418,21.237703172
0,sent,prefix/seq=425,21.250000000
0,received,prefix/seq=404,21.287523824
0,sent,prefix/seq=426,21.300000000
0,received,prefix/seq=419,21.328568293
0,sent,prefix/seq=427,21.350000000
0,received,prefix/seq=421,21.387166549
0,sent,prefix/seq=428,21.400000000
0,received,prefix/seq=407,21.437507147
0,sent,prefix/seq=429,21.450000000
0,received,prefix/seq=422,21.479171912
0,sent,prefix/seq=430,21.500000000
0,received,prefix/seq=423,21.529073102
0,sent,prefix/seq=431,21.550000000
0,sent,prefix/seq=432,21.600000000
0,received,prefix/seq=425,21.629023558
0,received,prefix/seq=411,21.637631558
0,received,prefix/seq=426,21.646247558
0,sent,prefix/seq=433,21.650000000
0,sent,prefix/seq=434,21.700000000
0,received,prefix/seq=427,21.728882171
0,sent,prefix/seq=435,21.750000000
0,received,prefix/seq=428,21.779228998
0,sent,prefix/seq=436,21.800000000
0,sent,prefix/seq=437,21.850000000
0,received,prefix/seq=430,21.879221500
0,received,prefix/seq=416,21.887829500
0,sent,prefix/seq=438,21.900000000
0,received,prefix/seq=431,21.928843238
0,sent,prefix/seq=439,21.950000000
0,received,prefix/seq=433,21.987453957
0,sent,prefix/seq=440,22.000000000
0,sent,prefix/seq=441,22.050000000
0,received,prefix/seq=434,22.078497005
0,received,prefix/seq=435,22.087113005
0,sent,prefix/seq=442,22.100000000
0,sent,prefix/seq=443,22.150000000
0,received,prefix/seq=436,22.179080448
0,sent,prefix/seq=444,22.200000000
0,sent,prefix/seq=445,22.250000000
0,received,prefix/seq=438,22.279239296
0,received,prefix/seq=424,22.287847296
0,sent,prefix/seq=446,22.300000000
0,received,prefix/seq=439,22.329023595
0,sent,prefix/seq=447,22.350000000
0,received,prefix/seq=440,22.378960903
0,sent,prefix/seq=448,22.400000000
0,received,prefix/seq=429,22.426330859
0,received,prefix/seq=441,22.434946859
0,received,prefix/seq=442,22.443562859
0,sent,prefix/seq=449,22.450000000
0,sent,prefix/seq=450,22.500000000
0,sent,prefix/seq=451,22.550000000
0,received,prefix/seq=432,22.575897247
0,received,prefix/seq=444,22.584513247
0,received,prefix/seq=445,22.593129247
0,sent,prefix/seq=452,22.600000000
0,sent,prefix/seq=453,22.650000000
0,received,prefix/seq=447,22.686906548
0,sent,prefix/seq=454,22.700000000
0,received,prefix/seq=448,22.737266594
0,sent,prefix/seq=455,22.750000000
0,sent,prefix/seq=456,22.800000000
0,received,prefix/seq=437,22.825692551
0,received,prefix/seq=449,22.834308551
0,received,prefix/seq=450,22.842924551
0,sent,prefix/seq=457,22.850000000
0,sent,prefix/seq=458,22.900000000
0,sent,prefix/seq=459,22.950000000
0,received,prefix/seq=452,22.979120144
0,sent,prefix/seq=460,23.000000000
0,received,prefix/seq=453,23.028478370
0,received,prefix/seq=454,23.037198657
0,sent,prefix/seq=461,23.050000000
0,sent,prefix/seq=462,23.100000000
0,received,prefix/seq=455,23.128458137
0,sent,prefix/seq=463,23.150000000
0,sent,prefix/seq=464,23.200000000
0,received,prefix/seq=457,23.228809067
0,received,prefix/seq=443,23.237419759
0,sent,prefix/seq=465,23.250000000
0,received,prefix/seq=458,23.278885641
0,sent,prefix/seq=466,23.300000000
0,received,prefix/seq=460,23.337020370
0,sent,prefix/seq=467,23.350000000
0,received,prefix/seq=446,23.387218423
0,sent,prefix/seq=468,23.400000000
0,received,prefix/seq=461,23.428852475
0,received,prefix/seq=462,23.437468475
0,sent,prefix/seq=469,23.450000000
0,sent,prefix/seq=470,23.500000000
0,received,prefix/seq=451,23.526245110
0,received,prefix/seq=463,23.534861110
0,sent,prefix/seq=471,23.550000000
0,received,prefix/seq=464,23.578718432
0,sent,prefix/seq=472,23.600000000
0,sent,prefix/seq=473,23.650000000
0,received,prefix/seq=466,23.679179640
0,sent,prefix/seq=474,23.700000000
0,received,prefix/seq=467,23.728544214
0,sent,prefix/seq=475,23.750000000
0,received,prefix/seq=456,23.776245483
0,sent,prefix/seq=476,23.800000000
0,received,prefix/seq=469,23.829164269
0,sent,prefix/seq=477,23.850000000
0,received,prefix/seq=471,23.887531734
0,sent,prefix/seq=478,23.900000000
0,received,prefix/seq=472,23.937410207
0,sent,prefix/seq=479,23.950000000
0,sent,prefix/seq=480,24.000000000
0,received,prefix/seq=473,24.029206678
0,received,prefix/seq=459,24.037814678
0,received,prefix/seq=474,24.046430678
0,sent,prefix/seq=481,24.050000000
0,sent,prefix/seq=482,24.100000000
0,sent,prefix/seq=483,24.150000000
0,received,prefix/seq=476,24.179023872
0,received,prefix/seq=477,24.187639872
0,sent,prefix/seq=484,24.200000000
0,sent,prefix/seq=485,24.250000000
0,received,prefix/seq=478,24.278624335
0,sent,prefix/seq=486,24.300000000
0,received,prefix/seq=479,24.328702466
0,received,prefix/seq=465,24.337310466
0,sent,prefix/seq=487,24.350000000
0,sent,prefix/seq=488,24.400000000
0,received,prefix/seq=481,24.428730793
0,sent,prefix/seq=489,24.450000000
0,received,prefix/seq=482,24.478494687
0,received,prefix/seq=468,24.487102687
0,sent,prefix/seq=490,24.500000000
0,received,prefix/seq=484,24.537194321
0,sent,prefix/seq=491,24.550000000
0,received,prefix/seq=470,24.587422475
0,sent,prefix/seq=492,24.600000000
0,received,prefix/seq=485,24.628754497
0,received,prefix/seq=486,24.637370497
0,sent,prefix/seq=493,24.650000000
0,sent,prefix/seq=494,24.700000000
0,received,prefix/seq=487,24.728864459
0,sent,prefix/seq=495,24.750000000
0,received,prefix/seq=488,24.778547091
0,sent,prefix/seq=496,24.800000000
0,received,prefix/seq=489,24.828459744
0,received,prefix/seq=475,24.837067744
0,sent,prefix/seq=497,24.850000000
0,received,prefix/seq=491,24.887447350
0,sent,prefix/seq=498,24.900000000
0,sent,prefix/seq=499,24.950000000
0,sent,prefix/seq=500,25.000000000
0,received,prefix/seq=493,25.028893241
0,received,prefix/seq=494,25.037509241
0,sent,prefix/seq=501,25.050000000
0,received,prefix/seq=480,25.087304844
0,sent,prefix/seq=502,25.100000000
0,received,prefix/seq=495,25.129168841
0,received,prefix/seq=496,25.137784841
0,sent,prefix/seq=503,25.150000000
0,sent,prefix/seq=504,25.200000000
0,sent,prefix/seq=505,25.250000000
0,received,prefix/seq=498,25.279093814
0,sent,prefix/seq=506,25.300000000
0,received,prefix/seq=499,25.329246554
0,sent,prefix/seq=507,25.350000000
0,received,prefix/seq=500,25.378904847
0,sent,prefix/seq=508,25.400000000
0,received,prefix/seq=501,25.429003417
0,sent,prefix/seq=509,25.450000000
0,received,prefix/seq=490,25.475693655
0,sent,prefix/seq=510,25.500000000
0,received,prefix/seq=503,25.528848581
0,sent,prefix/seq=511,25.550000000
0,received,prefix/seq=492,25.575890336
0,received,prefix/seq=504,25.584506336
0,sent,prefix/seq=512,25.600000000
0,received,prefix/seq=506,25.636981408
0,sent,prefix/seq=513,25.650000000
0,sent,prefix/seq=514,25.700000000
0,received,prefix/seq=507,25.728876744
0,received,prefix/seq=508,25.737492744
0,sent,prefix/seq=515,25.750000000
0,sent,prefix/seq=516,25.800000000
0,received,prefix/seq=497,25.825865572
0,received,prefix/seq=509,25.834481572
0,sent,prefix/seq=517,25.850000000
0,received,prefix/seq=510,25.879046413
0,sent,prefix/seq=518,25.900000000
0,sent,prefix/seq=519,25.950000000
0,received,prefix/seq=512,25.978642834
0,sent,prefix/seq=520,26.000000000
0,received,prefix/seq=513,26.028522539
0,sent,prefix/seq=521,26.050000000
0,received,prefix/seq=502,26.076303251
0,received,prefix/seq=514,26.084919251
0,received,prefix/seq=515,26.093535251
0,sent,prefix/seq=522,26.100000000
0,sent,prefix/seq=523,26.150000000
0,sent,prefix/seq=524,26.200000000
0,received,prefix/seq=517,26.228764743
0,sent,prefix/seq=525,26.250000000
0,received,prefix/seq=518,26.278658947
0,sent,prefix/seq=526,26.300000000
0,received,prefix/seq=519,26.328914793
0,received,prefix/seq=505,26.337522793
0,sent,prefix/seq=527,26.350000000
0,received,prefix/seq=520,26.378769820
0,sent,prefix/seq=528,26.400000000
0,sent,prefix/seq=529,26.450000000
0,received,prefix/seq=522,26.478774143
0,sent,prefix/seq=530,26.500000000
0,received,prefix/seq=511,26.526272267
0,received,prefix/seq=523,26.534888267
0,sent,prefix/seq=531,26.550000000
0,received,prefix/seq=525,26.587122323
0,sent,prefix/seq=532,26.600000000
0,sent,prefix/seq=533,26.650000000
0,received,prefix/seq=526,26.678921442
0,received,prefix/seq=527,26.687537442
0,sent,prefix/seq=534,26.700000000
0,sent,prefix/seq=535,26.750000000
0,received,prefix/seq=516,26.776020591
0,sent,prefix/seq=536,26.800000000
0,received,prefix/seq=529,26.828760590
0,sent,prefix/seq=537,26.850000000
0,received,prefix/seq=531,26.886985187
0,sent,prefix/seq=538,26.900000000
0,received,prefix/seq=532,26.936842673
0,sent,prefix/seq=539,26.950000000
0,received,prefix/seq=533,26.987216213
0,sent,prefix/seq=540,27.000000000
0,received,prefix/seq=521,27.025897936
0,sent,prefix/seq=541,27.050000000
0,received,prefix/seq=534,27.079045768
0,sent,prefix/seq=542,27.100000000
0,sent,prefix/seq=543,27.150000000
0,received,prefix/seq=536,27.178685253
0,received,prefix/seq=537,27.187572509
0,sent,prefix/seq=544,27.200000000
0,sent,prefix/seq=545,27.250000000
0,received,prefix/seq=538,27.278502374
0,received,prefix/seq=539,27.287390165
0,received,prefix/seq=524,27.295998165
0,sent,prefix/seq=546,27.300000000
0,sent,prefix/seq=547,27.350000000
0,sent,prefix/seq=548,27.400000000
0,received,prefix/seq=541,27.429094120
0,sent,prefix/seq=549,27.450000000
0,received,prefix/seq=542,27.478876210
0,received,prefix/seq=528,27.487484210
0,sent,prefix/seq=550,27.500000000
0,received,prefix/seq=543,27.529074667
0,sent,prefix/seq=551,27.550000000
0,received,prefix/seq=544,27.579161992
0,received,prefix/seq=530,27.587769992
0,sent,prefix/seq=552,27.600000000
0,received,prefix/seq=545,27.628735609
0,sent,prefix/seq=553,27.650000000
0,sent,prefix/seq=554,27.700000000
0,received,prefix/seq=547,27.728729695
0,sent,prefix/seq=555,27.750000000
0,received,prefix/seq=549,27.787379019
0,sent,prefix/seq=556,27.800000000
0,received,prefix/seq=535,27.837189630
0,sent,prefix/seq=557,27.850000000
0,received,prefix/seq=550,27.879073437
0,received,prefix/seq=551,27.887689437
0,sent,prefix/seq=558,27.900000000
0,sent,prefix/seq=559,27.950000000
0,received,prefix/seq=552,27.978560839
0,sent,prefix/seq=560,28.000000000
0,received,prefix/seq=554,28.037042631
0,sent,prefix/seq=561,28.050000000
0,received,prefix/seq=540,28.087195833
0,sent,prefix/seq=562,28.100000000
0,received,prefix/seq=555,28.129113440
0,sent,prefix/seq=563,28.150000000
0,received,prefix/seq=556,28.179202106
0,sent,prefix/seq=564,28.200000000
0,received,prefix/seq=558,28.237113548
0,sent,prefix/seq=565,28.250000000
0,sent,prefix/seq=566,28.300000000
0,received,prefix/seq=559,28.328988069
0,received,prefix/seq=560,28.337604069
0,sent,prefix/seq=567,28.350000000
0,received,prefix/seq=546,28.387178489
0,sent,prefix/seq=568,28.400000000
0,received,prefix/seq=561,28.429086138
0,sent,prefix/seq=569,28.450000000
0,sent,prefix/seq=570,28.500000000
0,received,prefix/seq=563,28.528987814
0,sent,prefix/seq=571,28.550000000
0,received,prefix/seq=564,28.579140811
0,sent,prefix/seq=572,28.600000000
0,received,prefix/seq=553,28.625716706
0,received,prefix/seq=565,28.634332706
0,sent,prefix/seq=573,28.650000000
0,sent,prefix/seq=574,28.700000000
0,received,prefix/seq=567,28.728766441
0,received,prefix/seq=568,28.737382441
0,sent,prefix/seq=575,28.750000000
0,sent,prefix/seq=576,28.800000000
0,received,prefix/seq=557,28.826241843
0,received,prefix/seq=569,28.834857843
0,sent,prefix/seq=577,28.850000000
0,received,prefix/seq=571,28.887560216
0,sent,prefix/seq=578,28.900000000
0,sent,prefix/seq=579,28.950000000
0,received,prefix/seq=572,28.979195257
0,sent,prefix/seq=580,29.000000000
0,received,prefix/seq=573,29.028653602
0,sent,prefix/seq=581,29.050000000
0,received,prefix/seq=562,29.075964141
0,received,prefix/seq=574,29.084580141
0,received,prefix/seq=575,29.093196141
0,sent,prefix/seq=582,29.100000000
0,sent,prefix/seq=583,29.150000000
0,sent,prefix/seq=584,29.200000000
0,received,prefix/seq=577,29.229129368
0,sent,prefix/seq=585,29.250000000
0,received,prefix/seq=578,29.278629746
0,sent,prefix/seq=586,29.300000000
0,received,prefix/seq=580,29.337253720
0,sent,prefix/seq=587,29.350000000
0,received,prefix/seq=566,29.387088249
0,received,prefix/seq=581,29.395704249
0,sent,prefix/seq=588,29.400000000
0,sent,prefix/seq=589,29.450000000
0,received,prefix/seq=582,29.478771110
0,sent,prefix/seq=590,29.500000000
0,received,prefix/seq=583,29.529026560
0,sent,prefix/seq=591,29.550000000
0,received,prefix/seq=570,29.587123481
0,sent,prefix/seq=592,29.600000000
0,received,prefix/seq=585,29.629025741
0,sent,prefix/seq=593,29.650000000
0,received,prefix/seq=586,29.678885333
0,received,prefix/seq=587,29.687501333
0,sent,prefix/seq=594,29.700000000
0,sent,prefix/seq=595,29.750000000
0,received,prefix/seq=576,29.775759150
0,received,prefix/seq=588,29.784375150
0,sent,prefix/seq=596,29.800000000
0,sent,prefix/seq=597,29.850000000
0,received,prefix/seq=590,29.878993174
0,sent,prefix/seq=598,29.900000000
0,received,prefix/seq=591,29.929150656
0,sent,prefix/seq=599,29.950000000
0,received,prefix/seq=593,29.986837760
0,sent,prefix/seq=600,30.000000000
0,received,prefix/seq=579,30.037145289
0,sent,prefix/seq=601,30.050000000
0,received,prefix/seq=594,30.078883803
0,received,prefix/seq=595,30.087499803
0,sent,prefix/seq=602,30.100000000
0,sent,prefix/seq=603,30.150000000
0,sent,prefix/seq=604,30.200000000
0,received,prefix/seq=597,30.229208052
0,received,prefix/seq=598,30.237824052
0,sent,prefix/seq=605,30.250000000
0,received,prefix/seq=584,30.287016000
0,sent,prefix/seq=606,30.300000000
0,received,prefix/seq=599,30.328613942
0,sent,prefix/seq=607,30.350000000
0,received,prefix/seq=600,30.378716809
0,sent,prefix/seq=608,30.400000000
0,sent,prefix/seq=609,30.450000000
0,received,prefix/seq=602,30.478586158
0,sent,prefix/seq=610,30.500000000
0,received,prefix/seq=603,30.528657400
0,received,prefix/seq=589,30.537520215
0,sent,prefix/seq=611,30.550000000
0,received,prefix/seq=605,30.587332021
0,sent,prefix/seq=612,30.600000000
0,sent,prefix/seq=613,30.650000000
0,received,prefix/seq=606,30.678979917
0,received,prefix/seq=592,30.687587917
0,received,prefix/seq=607,30.696203917
0,sent,prefix/seq=614,30.700000000
0,sent,prefix/seq=615,30.750000000
0,received,prefix/seq=608,30.779104949
0,sent,prefix/seq=616,30.800000000
0,received,prefix/seq=609,30.828854619
0,sent,prefix/seq=617,30.850000000
0,received,prefix/seq=610,30.878593070
0,received,prefix/seq=596,30.887553225
0,sent,prefix/seq=618,30.900000000
0,received,prefix/seq=612,30.936853673
0,sent,prefix/seq=619,30.950000000
0,sent,prefix/seq=620,31.000000000
0,sent,prefix/seq=621,31.050000000
0,received,prefix/seq=614,31.079002680
0,received,prefix/seq=615,31.087618680
0,sent,prefix/seq=622,31.100000000
0,received,prefix/seq=601,31.137109086
0,sent,prefix/seq=623,31.150000000
0,received,prefix/seq=616,31.178644586
0,received,prefix/seq=617,31.187260586
0,sent,prefix/seq=624,31.200000000
0,sent,prefix/seq=625,31.250000000
0,sent,prefix/seq=626,31.300000000
0,received,prefix/seq=619,31.328649692
0,sent,prefix/seq=627,31.350000000
0,received,prefix/seq=620,31.379133783
0,sent,prefix/seq=628,31.400000000
0,received,prefix/seq=622,31.437521533
0,sent,prefix/seq=629,31.450000000
0,received,prefix/seq=623,31.487363106
0,sent,prefix/seq=630,31.500000000
0,received,prefix/seq=611,31.525884459
0,sent,prefix/seq=631,31.550000000
0,received,prefix/seq=624,31.578466801
0,sent,prefix/seq=632,31.600000000
0,received,prefix/seq=613,31.625785141
0,received,prefix/seq=625,31.634401141
0,sent,prefix/seq=633,31.650000000
0,received,prefix/seq=626,31.678658909
0,sent,prefix/seq=634,31.700000000
0,sent,prefix/seq=635,31.750000000
0,received,prefix/seq=628,31.779227184
0,received,prefix/seq=629,31.787843184
0,sent,prefix/seq=636,31.800000000
0,sent,prefix/seq=637,31.850000000
0,received,prefix/seq=618,31.875921122
0,received,prefix/seq=630,31.884537122
0,sent,prefix/seq=638,31.900000000
0,received,prefix/seq=631,31.928586460
0,sent,prefix/seq=639,31.950000000
0,sent,prefix/seq=640,32.000000000
0,received,prefix/seq=633,32.028471324
0,sent,prefix/seq=641,32.050000000
0,received,prefix/seq=634,32.078717952
0,sent,prefix/seq=642,32.100000000
0,received,prefix/seq=621,32.136988448
0,sent,prefix/seq=643,32.150000000
0,received,prefix/seq=636,32.179015345
0,received,prefix/seq=637,32.187631345
0,sent,prefix/seq=644,32.200000000
0,sent,prefix/seq=645,32.250000000
0,received,prefix/seq=638,32.279040493
0,sent,prefix/seq=646,32.300000000
0,received,prefix/seq=639,32.328865627
0,sent,prefix/seq=647,32.350000000
0,received,prefix/seq=640,32.378843155
0,sent,prefix/seq=648,32.400000000
0,received,prefix/seq=641,32.429178896
0,received,prefix/seq=627,32.437786896
0,sent,prefix/seq=649,32.450000000
0,sent,prefix/seq=650,32.500000000
0,received,prefix/seq=644,32.536844482
0,sent,prefix/seq=651,32.550000000
0,received,prefix/seq=632,32.576072659
0,sent,prefix/seq=652,32.600000000
0,received,prefix/seq=645,32.628845211
0,received,prefix/seq=646,32.637461211
0,sent,prefix/seq=653,32.650000000
0,sent,prefix/seq=654,32.700000000
0,received,prefix/seq=647,32.728701068
0,received,prefix/seq=648,32.737497633
0,sent,prefix/seq=655,32.750000000
0,sent,prefix/seq=656,32.800000000
0,received,prefix/seq=635,32.837386503
0,sent,prefix/seq=657,32.850000000
0,received,prefix/seq=650,32.878896092
0,sent,prefix/seq=658,32.900000000
0,received,prefix/seq=652,32.937572408
0,sent,prefix/seq=659,32.950000000
0,received,prefix/seq=653,32.987162958
0,sent,prefix/seq=660,33.000000000
0,received,prefix/seq=654,33.037151856
0,sent,prefix/seq=661,33.050000000
0,received,prefix/seq=642,33.076295420
0,sent,prefix/seq=662,33.100000000
0,received,prefix/seq=655,33.129251210
0,sent,prefix/seq=663,33.150000000
0,received,prefix/seq=656,33.178812918
0,sent,prefix/seq=664,33.200000000
0,received,prefix/seq=643,33.237218161
0,sent,prefix/seq=665,33.250000000
0,received,prefix/seq=658,33.278937175
0,sent,prefix/seq=666,33.300000000
0,received,prefix/seq=659,33.328785435
0,received,prefix/seq=660,33.337513726
0,sent,prefix/seq=667,33.350000000
0,sent,prefix/seq=668,33.400000000
0,sent,prefix/seq=669,33.450000000
0,received,prefix/seq=662,33.478917229
0,received,prefix/seq=663,33.487533229
0,sent,prefix/seq=670,33.500000000
0,received,prefix/seq=649,33.537323960
0,sent,prefix/seq=671,33.550000000
0,received,prefix/seq=664,33.578625403
0,sent,prefix/seq=672,33.600000000
0,received,prefix/seq=666,33.636956000
0,received,prefix/seq=651,33.645564000
0,sent,prefix/seq=673,33.650000000
0,sent,prefix/seq=674,33.700000000
0,received,prefix/seq=667,33.729186081
0,sent,prefix/seq=675,33.750000000
0,received,prefix/seq=668,33.779169050
0,sent,prefix/seq=676,33.800000000
0,sent,prefix/seq=677,33.850000000
0,received,prefix/seq=670,33.879208493
0,received,prefix/seq=671,33.887824493
0,sent,prefix/seq=678,33.900000000
0,received,prefix/seq=657,33.937332098
0,sent,prefix/seq=679,33.950000000
0,received,prefix/seq=672,33.978757538
0,sent,prefix/seq=680,34.000000000
0,sent,prefix/seq=681,34.050000000
0,received,prefix/seq=674,34.078639572
0,received,prefix/seq=675,34.087545032
0,sent,prefix/seq=682,34.100000000
0,received,prefix/seq=661,34.136918079
0,sent,prefix/seq=683,34.150000000
0,received,prefix/seq=676,34.179189204
0,sent,prefix/seq=684,34.200000000
0,received,prefix/seq=678,34.237036759
0,sent,prefix/seq=685,34.250000000
0,sent,prefix/seq=686,34.300000000
0,received,prefix/seq=679,34.328635605
0,received,prefix/seq=665,34.337489847
0,sent,prefix/seq=687,34.350000000
0,received,prefix/seq=680,34.378939750
0,sent,prefix/seq=688,34.400000000
0,received,prefix/seq=681,34.428463386
0,received,prefix/seq=682,34.437410364
0,sent,prefix/seq=689,34.450000000
0,sent,prefix/seq=690,34.500000000
0,sent,prefix/seq=691,34.550000000
0,received,prefix/seq=684,34.579247794
0,sent,prefix/seq=692,34.600000000
0,received,prefix/seq=673,34.626330945
0,received,prefix/seq=685,34.634946945
0,sent,prefix/seq=693,34.650000000
0,received,prefix/seq=686,34.679092355
0,sent,prefix/seq=694,34.700000000
0,received,prefix/seq=688,34.737343574
0,sent,prefix/seq=695,34.750000000
0,sent,prefix/seq=696,34.800000000
0,received,prefix/seq=689,34.828860453
0,sent,prefix/seq=697,34.850000000
0,received,prefix/seq=690,34.878926846
0,sent,prefix/seq=698,34.900000000
0,received,prefix/seq=692,34.937119512
0,received,prefix/seq=677,34.945727512
0,sent,prefix/seq=699,34.950000000
0,sent,prefix/seq=700,35.000000000
0,received,prefix/seq=693,35.029080925
0,received,prefix/seq=694,35.037696925
0,sent,prefix/seq=701,35.050000000
0,sent,prefix/seq=702,35.100000000
0,received,prefix/seq=683,35.125926722
0,received,prefix/seq=695,35.134542722
0,sent,prefix/seq=703,35.150000000
0,received,prefix/seq=696,35.179251661
0,sent,prefix/seq=704,35.200000000
0,sent,prefix/seq=705,35.250000000
0,received,prefix/seq=698,35.278499675
0,sent,prefix/seq=706,35.300000000
0,received,prefix/seq=687,35.326442559
0,received,prefix/seq=699,35.335058559
0,sent,prefix/seq=707,35.350000000
0,sent,prefix/seq=708,35.400000000
0,received,prefix/seq=701,35.429253501
0,received,prefix/seq=702,35.437869501
0,sent,prefix/seq=709,35.450000000
0,sent,prefix/seq=710,35.500000000
0,received,prefix/seq=691,35.525739232
0,received,prefix/seq=703,35.534355232
0,sent,prefix/seq=711,35.550000000
0,received,prefix/seq=704,35.579131557
0,sent,prefix/seq=712,35.600000000
0,received,prefix/seq=705,35.628910356
0,sent,prefix/seq=713,35.650000000
0,sent,prefix/seq=714,35.700000000
0,received,prefix/seq=707,35.729066095
0,sent,prefix/seq=715,35.750000000
0,received,prefix/seq=709,35.786885797
0,sent,prefix/seq=716,35.800000000
0,sent,prefix/seq=717,35.850000000
0,received,prefix/seq=711,35.887504223
0,sent,prefix/seq=718,35.900000000
0,received,prefix/seq=712,35.936894516
0,received,prefix/seq=697,35.945502516
0,sent,prefix/seq=719,35.950000000
0,sent,prefix/seq=720,36.000000000
0,received,prefix/seq=713,36.029069398
0,received,prefix/seq=714,36.037685398
0,sent,prefix/seq=721,36.050000000
0,received,prefix/seq=700,36.087153135
0,sent,prefix/seq=722,36.100000000
0,received,prefix/seq=715,36.128554311
0,sent,prefix/seq=723,36.150000000
0,received,prefix/seq=716,36.178466720
0,sent,prefix/seq=724,36.200000000
0,sent,prefix/seq=725,36.250000000
0,received,prefix/seq=706,36.276301927
0,received,prefix/seq=718,36.284917927
0,sent,prefix/seq=726,36.300000000
0,received,prefix/seq=719,36.328543981
0,sent,prefix/seq=727,36.350000000
0,received,prefix/seq=721,36.387221530
0,sent,prefix/seq=728,36.400000000
0,sent,prefix/seq=729,36.450000000
0,received,prefix/seq=722,36.479016160
0,received,prefix/seq=708,36.487624160
0,received,prefix/seq=723,36.496240160
0,sent,prefix/seq=730,36.500000000
0,sent,prefix/seq=731,36.550000000
0,received,prefix/seq=724,36.579219709
0,received,prefix/seq=710,36.587827709
0,sent,prefix/seq=732,36.600000000
0,sent,prefix/seq=733,36.650000000
0,received,prefix/seq=726,36.678857542
0,sent,prefix/seq=734,36.700000000
0,received,prefix/seq=727,36.729096718
0,sent,prefix/seq=735,36.750000000
0,received,prefix/seq=728,36.778839412
0,sent,prefix/seq=736,36.800000000
0,sent,prefix/seq=737,36.850000000
0,received,prefix/seq=730,36.879141726
0,received,prefix/seq=731,36.887757726
0,sent,prefix/seq=738,36.900000000
0,sent,prefix/seq=739,36.950000000
0,received,prefix/seq=733,36.987473894
0,sent,prefix/seq=740,37.000000000
0,sent,prefix/seq=741,37.050000000
0,received,prefix/seq=734,37.079038605
0,received,prefix/seq=720,37.087646605
0,received,prefix/seq=735,37.096262605
0,sent,prefix/seq=742,37.100000000
0,sent,prefix/seq=743,37.150000000
0,received,prefix/seq=736,37.179017451
0,sent,prefix/seq=744,37.200000000
0,received,prefix/seq=725,37.226040640
0,sent,prefix/seq=745,37.250000000
0,received,prefix/seq=738,37.278662472
0,sent,prefix/seq=746,37.300000000
0,received,prefix/seq=739,37.328828879
0,sent,prefix/seq=747,37.350000000
0,received,prefix/seq=740,37.378925434
0,sent,prefix/seq=748,37.400000000
0,received,prefix/seq=729,37.425730516
0,received,prefix/seq=741,37.434346516
0,received,prefix/seq=742,37.442962516
0,sent,prefix/seq=749,37.450000000
0,sent,prefix/seq=750,37.500000000
0,sent,prefix/seq=751,37.550000000
0,received,prefix/seq=732,37.576119651
0,received,prefix/seq=744,37.584735651
0,received,prefix/seq=745,37.593351651
0,sent,prefix/seq=752,37.600000000
0,sent,prefix/seq=753,37.650000000
0,received,prefix/seq=746,37.679031712
0,sent,prefix/seq=754,37.700000000
0,received,prefix/seq=748,37.736981364
0,sent,prefix/seq=755,37.750000000
0,sent,prefix/seq=756,37.800000000
0,received,prefix/seq=749,37.829059456
0,received,prefix/seq=750,37.837675456
0,sent,prefix/seq=757,37.850000000
0,sent,prefix/seq=758,37.900000000
0,received,prefix/seq=737,37.937003627
0,received,prefix/seq=752,37.945619627
0,sent,prefix/seq=759,37.950000000
0,sent,prefix/seq=760,38.000000000
0,received,prefix/seq=753,38.028817238
0,received,prefix/seq=754,38.037433238
0,sent,prefix/seq=761,38.050000000
0,sent,prefix/seq=762,38.100000000
0,received,prefix/seq=743,38.126039879
0,received,prefix/seq=755,38.134655879
0,sent,prefix/seq=763,38.150000000
0,sent,prefix/seq=764,38.200000000
0,received,prefix/seq=757,38.228672504
0,sent,prefix/seq=765,38.250000000
0,received,prefix/seq=758,38.278500080
0,sent,prefix/seq=766,38.300000000
0,received,prefix/seq=747,38.326164652
0,received,prefix/seq=760,38.337083465
0,sent,prefix/seq=767,38.350000000
0,sent,prefix/seq=768,38.400000000
0,received,prefix/seq=761,38.429187139
0,received,prefix/seq=762,38.437803139
0,sent,prefix/seq=769,38.450000000
0,sent,prefix/seq=770,38.500000000
0,received,prefix/seq=751,38.526413881
0,received,prefix/seq=764,38.537406367
0,sent,prefix/seq=771,38.550000000
0,sent,prefix/seq=772,38.600000000
0,received,prefix/seq=765,38.628886827
0,sent,prefix/seq=773,38.650000000
0,received,prefix/seq=767,38.687169151
0,sent,prefix/seq=774,38.700000000
0,received,prefix/seq=768,38.737459787
0,sent,prefix/seq=775,38.750000000
0,sent,prefix/seq=776,38.800000000
0,received,prefix/seq=769,38.828983466
0,sent,prefix/seq=777,38.850000000
0,received,prefix/seq=771,38.887130554
0,received,prefix/seq=756,38.895738554
0,sent,prefix/seq=778,38.900000000
0,sent,prefix/seq=779,38.950000000
0,received,prefix/seq=772,38.978489069
0,received,prefix/seq=773,38.987109944
0,sent,prefix/seq=780,39.000000000
0,received,prefix/seq=759,39.037099068
0,received,prefix/seq=774,39.045715068
0,sent,prefix/seq=781,39.050000000
0,sent,prefix/seq=782,39.100000000
0,received,prefix/seq=775,39.128901188
0,sent,prefix/seq=783,39.150000000
0,received,prefix/seq=777,39.187291254
0,sent,prefix/seq=784,39.200000000
0,received,prefix/seq=778,39.237294590
0,received,prefix/seq=763,39.245902590
0,sent,prefix/seq=785,39.250000000
0,sent,prefix/seq=786,39.300000000
0,received,prefix/seq=779,39.328612951
0,received,prefix/seq=780,39.337484619
0,sent,prefix/seq=787,39.350000000
0,received,prefix/seq=766,39.387084994
0,sent,prefix/seq=788,39.400000000
0,received,prefix/seq=782,39.437547362
0,sent,prefix/seq=789,39.450000000
0,sent,prefix/seq=790,39.500000000
0,received,prefix/seq=783,39.529112277
0,sent,prefix/seq=791,39.550000000
0,received,prefix/seq=784,39.579004366
0,received,prefix/seq=770,39.587612366
0,sent,prefix/seq=792,39.600000000
0,received,prefix/seq=786,39.637260573
0,sent,prefix/seq=793,39.650000000
0,sent,prefix/seq=794,39.700000000
0,received,prefix/seq=787,39.729207728
0,sent,prefix/seq=795,39.750000000
0,received,prefix/seq=789,39.787478411
0,sent,prefix/seq=796,39.800000000
0,received,prefix/seq=790,39.837586474
0,sent,prefix/seq=797,39.850000000
0,sent,prefix/seq=798,39.900000000
0,received,prefix/seq=791,39.929061990
0,sent,prefix/seq=799,39.950000000
0,received,prefix/seq=793,39.987518947
0,sent,prefix/seq=800,40.000000000
0,received,prefix/seq=781,40.025964268
0,sent,prefix/seq=801,40.050000000
0,received,prefix/seq=794,40.078910212
0,received,prefix/seq=795,40.087526212
0,sent,prefix/seq=802,40.100000000
0,sent,prefix/seq=803,40.150000000
0,received,prefix/seq=796,40.179003980
0,sent,prefix/seq=804,40.200000000
0,received,prefix/seq=785,40.225974822
0,received,prefix/seq=797,40.234590822
0,sent,prefix/seq=805,40.250000000
0,sent,prefix/seq=806,40.300000000
0,received,prefix/seq=799,40.328585132
0,sent,prefix/seq=807,40.350000000
0,received,prefix/seq=788,40.375925144
0,received,prefix/seq=800,40.384541144
0,sent,prefix/seq=808,40.400000000
0,received,prefix/seq=802,40.436873829
0,sent,prefix/seq=809,40.450000000
0,sent,prefix/seq=810,40.500000000
0,received,prefix/seq=803,40.528756714
0,received,prefix/seq=804,40.537372714
0,sent,prefix/seq=811,40.550000000
0,received,prefix/seq=792,40.575838764
0,sent,prefix/seq=812,40.600000000
0,received,prefix/seq=805,40.628862440
0,sent,prefix/seq=813,40.650000000
0,received,prefix/seq=806,40.678686259
0,sent,prefix/seq=814,40.700000000
0,sent,prefix/seq=815,40.750000000
0,received,prefix/seq=808,40.778565694
0,sent,prefix/seq=816,40.800000000
0,received,prefix/seq=809,40.829192848
0,sent,prefix/seq=817,40.850000000
0,received,prefix/seq=810,40.878491770
0,sent,prefix/seq=818,40.900000000
0,received,prefix/seq=812,40.937037561
0,sent,prefix/seq=819,40.950000000
0,received,prefix/seq=798,40.987233095
0,sent,prefix/seq=820,41.000000000
0,received,prefix/seq=813,41.029251132
0,sent,prefix/seq=821,41.050000000
0,received,prefix/seq=814,41.079119924
0,sent,prefix/seq=822,41.100000000
0,received,prefix/seq=815,41.129253927
0,received,prefix/seq=801,41.137861927
0,sent,prefix/seq=823,41.150000000
0,sent,prefix/seq=824,41.200000000
0,received,prefix/seq=817,41.228792497
0,received,prefix/seq=818,41.237540321
0,sent,prefix/seq=825,41.250000000
0,sent,prefix/seq=826,41.300000000
0,received,prefix/seq=807,41.326331708
0,received,prefix/seq=819,41.334947708
0,sent,prefix/seq=827,41.350000000
0,received,prefix/seq=821,41.387538795
0,sent,prefix/seq=828,41.400000000
0,sent,prefix/seq=829,41.450000000
0,received,prefix/seq=822,41.478852643
0,sent,prefix/seq=830,41.500000000
0,received,prefix/seq=811,41.525660535
0,received,prefix/seq=824,41.537469742
0,sent,prefix/seq=831,41.550000000
0,sent,prefix/seq=832,41.600000000
0,received,prefix/seq=825,41.628508189
0,sent,prefix/seq=833,41.650000000
0,received,prefix/seq=827,41.687219056
0,sent,prefix/seq=834,41.700000000
0,received,prefix/seq=828,41.736929228
0,sent,prefix/seq=835,41.750000000
0,sent,prefix/seq=836,41.800000000
0,received,prefix/seq=829,41.828685979
0,sent,prefix/seq=837,41.850000000
0,received,prefix/seq=831,41.886888721
0,received,prefix/seq=816,41.895496721
0,sent,prefix/seq=838,41.900000000
0,sent,prefix/seq=839,41.950000000
0,received,prefix/seq=832,41.978883874
0,received,prefix/seq=833,41.987499874
0,sent,prefix/seq=840,42.000000000
0,sent,prefix/seq=841,42.050000000
0,received,prefix/seq=834,42.078857435
0,received,prefix/seq=820,42.087465435
0,sent,prefix/seq=842,42.100000000
0,received,prefix/seq=835,42.129116172
0,sent,prefix/seq=843,42.150000000
0,received,prefix/seq=836,42.178709790
0,sent,prefix/seq=844,42.200000000
0,received,prefix/seq=823,42.237178116
0,sent,prefix/seq=845,42.250000000
0,received,prefix/seq=838,42.278994990
0,sent,prefix/seq=846,42.300000000
0,received,prefix/seq=839,42.328820818
0,sent,prefix/seq=847,42.350000000
0,received,prefix/seq=840,42.379027209
0,received,prefix/seq=826,42.387635209
0,sent,prefix/seq=848,42.400000000
0,received,prefix/seq=841,42.429032093
0,sent,prefix/seq=849,42.450000000
0,sent,prefix/seq=850,42.500000000
0,received,prefix/seq=843,42.528476770
0,received,prefix/seq=844,42.537361892
0,sent,prefix/seq=851,42.550000000
0,received,prefix/seq=830,42.587325521
0,sent,prefix/seq=852,42.600000000
0,sent,prefix/seq=853,42.650000000
0,received,prefix/seq=846,42.678476030
0,received,prefix/seq=847,42.687092030
0,sent,prefix/seq=854,42.700000000
0,sent,prefix/seq=855,42.750000000
0,received,prefix/seq=849,42.787561684
0,sent,prefix/seq=856,42.800000000
0,received,prefix/seq=850,42.837470943
0,sent,prefix/seq=857,42.850000000
0,sent,prefix/seq=858,42.900000000
0,received,prefix/seq=851,42.928459792
0,received,prefix/seq=837,42.937398361
0,sent,prefix/seq=859,42.950000000
0,received,prefix/seq=853,42.987068920
0,sent,prefix/seq=860,43.000000000
0,sent,prefix/seq=861,43.050000000
0,received,prefix/seq=854,43.078873908
0,sent,prefix/seq=862,43.100000000
0,received,prefix/seq=855,43.129060888
0,received,prefix/seq=856,43.137676888
0,sent,prefix/seq=863,43.150000000
0,received,prefix/seq=842,43.187137797
0,sent,prefix/seq=864,43.200000000
0,received,prefix/seq=857,43.228636125
0,sent,prefix/seq=865,43.250000000
0,received,prefix/seq=858,43.278691943
0,sent,prefix/seq=866,43.300000000
0,received,prefix/seq=845,43.337003055
0,sent,prefix/seq=867,43.350000000
0,received,prefix/seq=860,43.378867438
0,received,prefix/seq=861,43.387586797
0,sent,prefix/seq=868,43.400000000
0,sent,prefix/seq=869,43.450000000
0,received,prefix/seq=848,43.487340885
0,sent,prefix/seq=870,43.500000000
0,received,prefix/seq=863,43.529031057
0,received,prefix/seq=864,43.537647057
0,sent,prefix/seq=871,43.550000000
0,sent,prefix/seq=872,43.600000000
0,received,prefix/seq=865,43.629100814
0,received,prefix/seq=866,43.637716814
0,sent,prefix/seq=873,43.650000000
0,received,prefix/seq=852,43.687488479
0,sent,prefix/seq=874,43.700000000
0,sent,prefix/seq=875,43.750000000
0,received,prefix/seq=868,43.778555938
0,sent,prefix/seq=876,43.800000000
0,received,prefix/seq=869,43.828468187
0,sent,prefix/seq=877,43.850000000
0,received,prefix/seq=871,43.887255422
0,sent,prefix/seq=878,43.900000000
0,received,prefix/seq=872,43.937374062
0,sent,prefix/seq=879,43.950000000
0,sent,prefix/seq=880,44.000000000
0,received,prefix/seq=873,44.028675901
0,received,prefix/seq=859,44.037283901
0,sent,prefix/seq=881,44.050000000
0,sent,prefix/seq=882,44.100000000
0,received,prefix/seq=875,44.129062832
0,received,prefix/seq=876,44.137678832
0,sent,prefix/seq=883,44.150000000
0,sent,prefix/seq=884,44.200000000
0,received,prefix/seq=877,44.228734941
0,received,prefix/seq=878,44.237417529
0,sent,prefix/seq=885,44.250000000
0,sent,prefix/seq=886,44.300000000
0,received,prefix/seq=867,44.326356373
0,received,prefix/seq=879,44.334972373
0,sent,prefix/seq=887,44.350000000
0,received,prefix/seq=880,44.378511825
0,sent,prefix/seq=888,44.400000000
0,sent,prefix/seq=889,44.450000000
0,received,prefix/seq=870,44.476096696
0,received,prefix/seq=883,44.486850284
0,sent,prefix/seq=890,44.500000000
0,received,prefix/seq=884,44.537315692
0,sent,prefix/seq=891,44.550000000
0,sent,prefix/seq=892,44.600000000
0,received,prefix/seq=885,44.628705945
0,received,prefix/seq=886,44.637321945
0,sent,prefix/seq=893,44.650000000
0,received,prefix/seq=874,44.675694108
0,sent,prefix/seq=894,44.700000000
0,received,prefix/seq=887,44.728788580
0,sent,prefix/seq=895,44.750000000
0,received,prefix/seq=888,44.779040387
0,sent,prefix/seq=896,44.800000000
0,sent,prefix/seq=897,44.850000000
0,received,prefix/seq=890,44.879025857
0,sent,prefix/seq=898,44.900000000
0,received,prefix/seq=891,44.928716056
0,sent,prefix/seq=899,44.950000000
0,received,prefix/seq=892,44.978730422
0,sent,prefix/seq=900,45.000000000
0,received,prefix/seq=881,45.026256102
0,sent,prefix/seq=901,45.050000000
0,received,prefix/seq=894,45.078492447
0,received,prefix/seq=895,45.087108447
0,sent,prefix/seq=902,45.100000000
0,sent,prefix/seq=903,45.150000000
0,received,prefix/seq=896,45.178870802
0,received,prefix/seq=882,45.187534359
0,sent,prefix/seq=904,45.200000000
0,received,prefix/seq=898,45.237009219
0,sent,prefix/seq=905,45.250000000
0,sent,prefix/seq=906,45.300000000
0,received,prefix/seq=899,45.328972073
0,sent,prefix/seq=907,45.350000000
0,received,prefix/seq=900,45.378685126
0,sent,prefix/seq=908,45.400000000
0,received,prefix/seq=889,45.426315873
0,received,prefix/seq=901,45.434931873
0,received,prefix/seq=902,45.443547873
0,sent,prefix/seq=909,45.450000000
0,sent,prefix/seq=910,45.500000000
0,sent,prefix/seq=911,45.550000000
0,received,prefix/seq=905,45.587014047
0,sent,prefix/seq=912,45.600000000
0,received,prefix/seq=893,45.626222877
0,sent,prefix/seq=913,45.650000000
0,received,prefix/seq=906,45.679079354
0,received,prefix/seq=907,45.687695354
0,sent,prefix/seq=914,45.700000000
0,sent,prefix/seq=915,45.750000000
0,received,prefix/seq=909,45.787242216
0,sent,prefix/seq=916,45.800000000
0,sent,prefix/seq=917,45.850000000
0,received,prefix/seq=910,45.878623468
0,sent,prefix/seq=918,45.900000000
0,received,prefix/seq=911,45.929018147
0,received,prefix/seq=897,45.937626147
0,sent,prefix/seq=919,45.950000000
0,received,prefix/seq=913,45.986927160
0,sent,prefix/seq=920,46.000000000
0,sent,prefix/seq=921,46.050000000
0,received,prefix/seq=914,46.079080431
0,received,prefix/seq=915,46.087696431
0,sent,prefix/seq=922,46.100000000
0,received,prefix/seq=903,46.125669410
0,sent,prefix/seq=923,46.150000000
0,received,prefix/seq=916,46.178845105
0,received,prefix/seq=917,46.187461105
0,sent,prefix/seq=924,46.200000000
0,sent,prefix/seq=925,46.250000000
0,received,prefix/seq=904,46.286850260
0,sent,prefix/seq=926,46.300000000
0,received,prefix/seq=919,46.328630825
0,sent,prefix/seq=927,46.350000000
0,received,prefix/seq=920,46.378624941
0,sent,prefix/seq=928,46.400000000
0,sent,prefix/seq=929,46.450000000
0,received,prefix/seq=922,46.478892215
0,received,prefix/seq=908,46.487500215
0,received,prefix/seq=923,46.496116215
0,sent,prefix/seq=930,46.500000000
0,sent,prefix/seq=931,46.550000000
0,received,prefix/seq=924,46.579114880
0,sent,prefix/seq=932,46.600000000
0,received,prefix/seq=925,46.628929995
0,sent,prefix/seq=933,46.650000000
0,received,prefix/seq=912,46.687021429
0,sent,prefix/seq=934,46.700000000
0,received,prefix/seq=927,46.728731015
0,sent,prefix/seq=935,46.750000000
0,received,prefix/seq=928,46.779146934
0,sent,prefix/seq=936,46.800000000
0,received,prefix/seq=929,46.828639651
0,sent,prefix/seq=937,46.850000000
0,sent,prefix/seq=938,46.900000000
0,received,prefix/seq=931,46.928577393
0,received,prefix/seq=932,46.937193393
0,sent,prefix/seq=939,46.950000000
0,received,prefix/seq=918,46.987083035
0,sent,prefix/seq=940,47.000000000
0,received,prefix/seq=933,47.028633249
0,sent,prefix/seq=941,47.050000000
0,received,prefix/seq=935,47.086924271
0,sent,prefix/seq=942,47.100000000
0,received,prefix/seq=921,47.136854226
0,sent,prefix/seq=943,47.150000000
0,received,prefix/seq=936,47.178859296
0,sent,prefix/seq=944,47.200000000
0,received,prefix/seq=937,47.229218601
0,sent,prefix/seq=945,47.250000000
0,received,prefix/seq=938,47.278672323
0,received,prefix/seq=939,47.287288323
0,sent,prefix/seq=946,47.300000000
0,sent,prefix/seq=947,47.350000000
0,received,prefix/seq=926,47.387527765
0,sent,prefix/seq=948,47.400000000
0,received,prefix/seq=941,47.428841125
0,sent,prefix/seq=949,47.450000000
0,received,prefix/seq=942,47.479129098
0,sent,prefix/seq=950,47.500000000
0,received,prefix/seq=944,47.537313619
0,sent,prefix/seq=951,47.550000000
0,received,prefix/seq=945,47.587288196
0,received,prefix/seq=930,47.595896196
0,sent,prefix/seq=952,47.600000000
0,sent,prefix/seq=953,47.650000000
0,received,prefix/seq=946,47.679115368
0,sent,prefix/seq=954,47.700000000
0,received,prefix/seq=947,47.728570724
0,sent,prefix/seq=955,47.750000000
0,received,prefix/seq=934,47.786903248
0,sent,prefix/seq=956,47.800000000
0,received,prefix/seq=949,47.828634404
0,sent,prefix/seq=957,47.850000000
0,received,prefix/seq=950,47.878746883
0,received,prefix/seq=951,47.887362883
0,sent,prefix/seq=958,47.900000000
0,sent,prefix/seq=959,47.950000000
0,sent,prefix/seq=960,48.000000000
0,received,prefix/seq=953,48.029184431
0,received,prefix/seq=954,48.037800431
0,sent,prefix/seq=961,48.050000000
0,received,prefix/seq=940,48.087182151
0,sent,prefix/seq=962,48.100000000
0,received,prefix/seq=955,48.128584843
0,sent,prefix/seq=963,48.150000000
0,received,prefix/seq=957,48.187375557
0,sent,prefix/seq=964,48.200000000
0,received,prefix/seq=943,48.237439580
0,sent,prefix/seq=965,48.250000000
0,received,prefix/seq=958,48.278861191
0,sent,prefix/seq=966,48.300000000
0,received,prefix/seq=959,48.328752026
0,sent,prefix/seq=967,48.350000000
0,sent,prefix/seq=968,48.400000000
0,received,prefix/seq=961,48.429227208
0,received,prefix/seq=962,48.437843208
0,sent,prefix/seq=969,48.450000000
0,received,prefix/seq=948,48.486771486
0,sent,prefix/seq=970,48.500000000
0,received,prefix/seq=963,48.528874753
0,sent,prefix/seq=971,48.550000000
0,received,prefix/seq=964,48.578477219
0,sent,prefix/seq=972,48.600000000
0,sent,prefix/seq=973,48.650000000
0,received,prefix/seq=966,48.679014000
0,received,prefix/seq=952,48.687622000
0,sent,prefix/seq=974,48.700000000
0,received,prefix/seq=967,48.728613489
0,sent,prefix/seq=975,48.750000000
0,received,prefix/seq=969,48.787311268
0,sent,prefix/seq=976,48.800000000
0,sent,prefix/seq=977,48.850000000
0,received,prefix/seq=970,48.878831146
0,received,prefix/seq=956,48.887439146
0,received,prefix/seq=971,48.896055146
0,sent,prefix/seq=978,48.900000000
0,sent,prefix/seq=979,48.950000000
0,received,prefix/seq=972,48.978596086
0,sent,prefix/seq=980,49.000000000
0,sent,prefix/seq=981,49.050000000
0,received,prefix/seq=974,49.078623539
0,sent,prefix/seq=982,49.100000000
0,received,prefix/seq=975,49.128471666
0,sent,prefix/seq=983,49.150000000
0,received,prefix/seq=976,49.178943223
0,sent,prefix/seq=984,49.200000000
0,received,prefix/seq=965,49.226231750
0,received,prefix/seq=977,49.234847750
0,sent,prefix/seq=985,49.250000000
0,received,prefix/seq=979,49.287392614
0,sent,prefix/seq=986,49.300000000
0,sent,prefix/seq=987,49.350000000
0,received,prefix/seq=980,49.379131221
0,received,prefix/seq=981,49.387747221
0,sent,prefix/seq=988,49.400000000
0,sent,prefix/seq=989,49.450000000
0,received,prefix/seq=982,49.478551497
0,received,prefix/seq=968,49.487159497
0,sent,prefix/seq=990,49.500000000
0,sent,prefix/seq=991,49.550000000
0,received,prefix/seq=984,49.578782068
0,received,prefix/seq=985,49.587398068
0,sent,prefix/seq=992,49.600000000
0,received,prefix/seq=973,49.626415827
0,received,prefix/seq=986,49.637466107
0,sent,prefix/seq=993,49.650000000
0,sent,prefix/seq=994,49.700000000
0,received,prefix/seq=988,49.737219687
0,sent,prefix/seq=995,49.750000000
0,sent,prefix/seq=996,49.800000000
0,received,prefix/seq=989,49.828920331
0,sent,prefix/seq=997,49.850000000
0,received,prefix/seq=978,49.876330590
0,received,prefix/seq=990,49.884946590
0,sent,prefix/seq=998,49.900000000
0,received,prefix/seq=991,49.929183713
0,sent,prefix/seq=999,49.950000000
0,received,prefix/seq=993,49.987252380
